filename,file type,folder,registration,suggested skill,suggested subfolder,is_zone_identifier
_index.md,md,reference,,missing-skill:general-reference,,0
_index.md:Zone.Identifier,identifier,reference,,missing-skill:general-reference,,1
adjacent_repositories.md,md,reference,,missing-skill:general-reference,,0
adjacent_repositories.md:Zone.Identifier,identifier,reference,,missing-skill:general-reference,,1
whiteboard-images-01.jpg,jpg,reference/data/jam_exports/collisionrelateddocs__collision_releated__collision-engineers-whiteboard.jam/contact_sheets,,collision-engineers-design,,0
whiteboard-images-01.jpg:Zone.Identifier,identifier,reference/data/jam_exports/collisionrelateddocs__collision_releated__collision-engineers-whiteboard.jam/contact_sheets,,collision-engineers-design,,1
whiteboard-images-02.jpg,jpg,reference/data/jam_exports/collisionrelateddocs__collision_releated__collision-engineers-whiteboard.jam/contact_sheets,,collision-engineers-design,,0
whiteboard-images-02.jpg:Zone.Identifier,identifier,reference/data/jam_exports/collisionrelateddocs__collision_releated__collision-engineers-whiteboard.jam/contact_sheets,,collision-engineers-design,,1
whiteboard-images-03.jpg,jpg,reference/data/jam_exports/collisionrelateddocs__collision_releated__collision-engineers-whiteboard.jam/contact_sheets,,collision-engineers-design,,0
whiteboard-images-03.jpg:Zone.Identifier,identifier,reference/data/jam_exports/collisionrelateddocs__collision_releated__collision-engineers-whiteboard.jam/contact_sheets,,collision-engineers-design,,1
whiteboard-images-04.jpg,jpg,reference/data/jam_exports/collisionrelateddocs__collision_releated__collision-engineers-whiteboard.jam/contact_sheets,,collision-engineers-design,,0
whiteboard-images-04.jpg:Zone.Identifier,identifier,reference/data/jam_exports/collisionrelateddocs__collision_releated__collision-engineers-whiteboard.jam/contact_sheets,,collision-engineers-design,,1
whiteboard-images-05.jpg,jpg,reference/data/jam_exports/collisionrelateddocs__collision_releated__collision-engineers-whiteboard.jam/contact_sheets,,collision-engineers-design,,0
whiteboard-images-05.jpg:Zone.Identifier,identifier,reference/data/jam_exports/collisionrelateddocs__collision_releated__collision-engineers-whiteboard.jam/contact_sheets,,collision-engineers-design,,1
whiteboard-images-06.jpg,jpg,reference/data/jam_exports/collisionrelateddocs__collision_releated__collision-engineers-whiteboard.jam/contact_sheets,,collision-engineers-design,,0
whiteboard-images-06.jpg:Zone.Identifier,identifier,reference/data/jam_exports/collisionrelateddocs__collision_releated__collision-engineers-whiteboard.jam/contact_sheets,,collision-engineers-design,,1
whiteboard-images-07.jpg,jpg,reference/data/jam_exports/collisionrelateddocs__collision_releated__collision-engineers-whiteboard.jam/contact_sheets,,collision-engineers-design,,0
whiteboard-images-07.jpg:Zone.Identifier,identifier,reference/data/jam_exports/collisionrelateddocs__collision_releated__collision-engineers-whiteboard.jam/contact_sheets,,collision-engineers-design,,1
whiteboard-images-08.jpg,jpg,reference/data/jam_exports/collisionrelateddocs__collision_releated__collision-engineers-whiteboard.jam/contact_sheets,,collision-engineers-design,,0
whiteboard-images-08.jpg:Zone.Identifier,identifier,reference/data/jam_exports/collisionrelateddocs__collision_releated__collision-engineers-whiteboard.jam/contact_sheets,,collision-engineers-design,,1
figma_inspection.md,md,reference/data/jam_exports/collisionrelateddocs__collision_releated__collision-engineers-whiteboard.jam,,collision-engineers-design,,0
figma_inspection.md:Zone.Identifier,identifier,reference/data/jam_exports/collisionrelateddocs__collision_releated__collision-engineers-whiteboard.jam,,collision-engineers-design,,1
image_index.csv,csv,reference/data/jam_exports/collisionrelateddocs__collision_releated__collision-engineers-whiteboard.jam,,collision-engineers-design,,0
image_index.csv:Zone.Identifier,identifier,reference/data/jam_exports/collisionrelateddocs__collision_releated__collision-engineers-whiteboard.jam,,collision-engineers-design,,1
frame-001.png,png,reference/data/jam_exports/collisionrelateddocs__collision_releated__collision-engineers-whiteboard.jam/images,,collision-engineers-design,,0
frame-001.png:Zone.Identifier,identifier,reference/data/jam_exports/collisionrelateddocs__collision_releated__collision-engineers-whiteboard.jam/images,,collision-engineers-design,,1
frame-002.png,png,reference/data/jam_exports/collisionrelateddocs__collision_releated__collision-engineers-whiteboard.jam/images,,collision-engineers-design,,0
frame-002.png:Zone.Identifier,identifier,reference/data/jam_exports/collisionrelateddocs__collision_releated__collision-engineers-whiteboard.jam/images,,collision-engineers-design,,1
frame-003.png,png,reference/data/jam_exports/collisionrelateddocs__collision_releated__collision-engineers-whiteboard.jam/images,,collision-engineers-design,,0
frame-003.png:Zone.Identifier,identifier,reference/data/jam_exports/collisionrelateddocs__collision_releated__collision-engineers-whiteboard.jam/images,,collision-engineers-design,,1
frame-004.png,png,reference/data/jam_exports/collisionrelateddocs__collision_releated__collision-engineers-whiteboard.jam/images,,collision-engineers-design,,0
frame-004.png:Zone.Identifier,identifier,reference/data/jam_exports/collisionrelateddocs__collision_releated__collision-engineers-whiteboard.jam/images,,collision-engineers-design,,1
frame-005.png,png,reference/data/jam_exports/collisionrelateddocs__collision_releated__collision-engineers-whiteboard.jam/images,,collision-engineers-design,,0
frame-005.png:Zone.Identifier,identifier,reference/data/jam_exports/collisionrelateddocs__collision_releated__collision-engineers-whiteboard.jam/images,,collision-engineers-design,,1
frame-006.png,png,reference/data/jam_exports/collisionrelateddocs__collision_releated__collision-engineers-whiteboard.jam/images,,collision-engineers-design,,0
frame-006.png:Zone.Identifier,identifier,reference/data/jam_exports/collisionrelateddocs__collision_releated__collision-engineers-whiteboard.jam/images,,collision-engineers-design,,1
frame-007.png,png,reference/data/jam_exports/collisionrelateddocs__collision_releated__collision-engineers-whiteboard.jam/images,,collision-engineers-design,,0
frame-007.png:Zone.Identifier,identifier,reference/data/jam_exports/collisionrelateddocs__collision_releated__collision-engineers-whiteboard.jam/images,,collision-engineers-design,,1
frame-008.png,png,reference/data/jam_exports/collisionrelateddocs__collision_releated__collision-engineers-whiteboard.jam/images,,collision-engineers-design,,0
frame-008.png:Zone.Identifier,identifier,reference/data/jam_exports/collisionrelateddocs__collision_releated__collision-engineers-whiteboard.jam/images,,collision-engineers-design,,1
frame-009.png,png,reference/data/jam_exports/collisionrelateddocs__collision_releated__collision-engineers-whiteboard.jam/images,,collision-engineers-design,,0
frame-009.png:Zone.Identifier,identifier,reference/data/jam_exports/collisionrelateddocs__collision_releated__collision-engineers-whiteboard.jam/images,,collision-engineers-design,,1
frame-010.png,png,reference/data/jam_exports/collisionrelateddocs__collision_releated__collision-engineers-whiteboard.jam/images,,collision-engineers-design,,0
frame-010.png:Zone.Identifier,identifier,reference/data/jam_exports/collisionrelateddocs__collision_releated__collision-engineers-whiteboard.jam/images,,collision-engineers-design,,1
frame-011.png,png,reference/data/jam_exports/collisionrelateddocs__collision_releated__collision-engineers-whiteboard.jam/images,,collision-engineers-design,,0
frame-011.png:Zone.Identifier,identifier,reference/data/jam_exports/collisionrelateddocs__collision_releated__collision-engineers-whiteboard.jam/images,,collision-engineers-design,,1
frame-012.png,png,reference/data/jam_exports/collisionrelateddocs__collision_releated__collision-engineers-whiteboard.jam/images,,collision-engineers-design,,0
frame-012.png:Zone.Identifier,identifier,reference/data/jam_exports/collisionrelateddocs__collision_releated__collision-engineers-whiteboard.jam/images,,collision-engineers-design,,1
frame-013.png,png,reference/data/jam_exports/collisionrelateddocs__collision_releated__collision-engineers-whiteboard.jam/images,,collision-engineers-design,,0
frame-013.png:Zone.Identifier,identifier,reference/data/jam_exports/collisionrelateddocs__collision_releated__collision-engineers-whiteboard.jam/images,,collision-engineers-design,,1
frame-014.png,png,reference/data/jam_exports/collisionrelateddocs__collision_releated__collision-engineers-whiteboard.jam/images,,collision-engineers-design,,0
frame-014.png:Zone.Identifier,identifier,reference/data/jam_exports/collisionrelateddocs__collision_releated__collision-engineers-whiteboard.jam/images,,collision-engineers-design,,1
frame-015.png,png,reference/data/jam_exports/collisionrelateddocs__collision_releated__collision-engineers-whiteboard.jam/images,,collision-engineers-design,,0
frame-015.png:Zone.Identifier,identifier,reference/data/jam_exports/collisionrelateddocs__collision_releated__collision-engineers-whiteboard.jam/images,,collision-engineers-design,,1
frame-016.png,png,reference/data/jam_exports/collisionrelateddocs__collision_releated__collision-engineers-whiteboard.jam/images,,collision-engineers-design,,0
frame-016.png:Zone.Identifier,identifier,reference/data/jam_exports/collisionrelateddocs__collision_releated__collision-engineers-whiteboard.jam/images,,collision-engineers-design,,1
frame-017.png,png,reference/data/jam_exports/collisionrelateddocs__collision_releated__collision-engineers-whiteboard.jam/images,,collision-engineers-design,,0
frame-017.png:Zone.Identifier,identifier,reference/data/jam_exports/collisionrelateddocs__collision_releated__collision-engineers-whiteboard.jam/images,,collision-engineers-design,,1
frame-018.png,png,reference/data/jam_exports/collisionrelateddocs__collision_releated__collision-engineers-whiteboard.jam/images,,collision-engineers-design,,0
frame-018.png:Zone.Identifier,identifier,reference/data/jam_exports/collisionrelateddocs__collision_releated__collision-engineers-whiteboard.jam/images,,collision-engineers-design,,1
frame-019.png,png,reference/data/jam_exports/collisionrelateddocs__collision_releated__collision-engineers-whiteboard.jam/images,,collision-engineers-design,,0
frame-019.png:Zone.Identifier,identifier,reference/data/jam_exports/collisionrelateddocs__collision_releated__collision-engineers-whiteboard.jam/images,,collision-engineers-design,,1
frame-020.png,png,reference/data/jam_exports/collisionrelateddocs__collision_releated__collision-engineers-whiteboard.jam/images,,collision-engineers-design,,0
frame-020.png:Zone.Identifier,identifier,reference/data/jam_exports/collisionrelateddocs__collision_releated__collision-engineers-whiteboard.jam/images,,collision-engineers-design,,1
frame-021.png,png,reference/data/jam_exports/collisionrelateddocs__collision_releated__collision-engineers-whiteboard.jam/images,,collision-engineers-design,,0
frame-021.png:Zone.Identifier,identifier,reference/data/jam_exports/collisionrelateddocs__collision_releated__collision-engineers-whiteboard.jam/images,,collision-engineers-design,,1
frame-022.png,png,reference/data/jam_exports/collisionrelateddocs__collision_releated__collision-engineers-whiteboard.jam/images,,collision-engineers-design,,0
frame-022.png:Zone.Identifier,identifier,reference/data/jam_exports/collisionrelateddocs__collision_releated__collision-engineers-whiteboard.jam/images,,collision-engineers-design,,1
frame-023.png,png,reference/data/jam_exports/collisionrelateddocs__collision_releated__collision-engineers-whiteboard.jam/images,,collision-engineers-design,,0
frame-023.png:Zone.Identifier,identifier,reference/data/jam_exports/collisionrelateddocs__collision_releated__collision-engineers-whiteboard.jam/images,,collision-engineers-design,,1
frame-024.png,png,reference/data/jam_exports/collisionrelateddocs__collision_releated__collision-engineers-whiteboard.jam/images,,collision-engineers-design,,0
frame-024.png:Zone.Identifier,identifier,reference/data/jam_exports/collisionrelateddocs__collision_releated__collision-engineers-whiteboard.jam/images,,collision-engineers-design,,1
frame-025.png,png,reference/data/jam_exports/collisionrelateddocs__collision_releated__collision-engineers-whiteboard.jam/images,,collision-engineers-design,,0
frame-025.png:Zone.Identifier,identifier,reference/data/jam_exports/collisionrelateddocs__collision_releated__collision-engineers-whiteboard.jam/images,,collision-engineers-design,,1
frame-026.png,png,reference/data/jam_exports/collisionrelateddocs__collision_releated__collision-engineers-whiteboard.jam/images,,collision-engineers-design,,0
frame-026.png:Zone.Identifier,identifier,reference/data/jam_exports/collisionrelateddocs__collision_releated__collision-engineers-whiteboard.jam/images,,collision-engineers-design,,1
frame-027.png,png,reference/data/jam_exports/collisionrelateddocs__collision_releated__collision-engineers-whiteboard.jam/images,,collision-engineers-design,,0
frame-027.png:Zone.Identifier,identifier,reference/data/jam_exports/collisionrelateddocs__collision_releated__collision-engineers-whiteboard.jam/images,,collision-engineers-design,,1
frame-028.png,png,reference/data/jam_exports/collisionrelateddocs__collision_releated__collision-engineers-whiteboard.jam/images,,collision-engineers-design,,0
frame-028.png:Zone.Identifier,identifier,reference/data/jam_exports/collisionrelateddocs__collision_releated__collision-engineers-whiteboard.jam/images,,collision-engineers-design,,1
frame-029.png,png,reference/data/jam_exports/collisionrelateddocs__collision_releated__collision-engineers-whiteboard.jam/images,,collision-engineers-design,,0
frame-029.png:Zone.Identifier,identifier,reference/data/jam_exports/collisionrelateddocs__collision_releated__collision-engineers-whiteboard.jam/images,,collision-engineers-design,,1
frame-030.png,png,reference/data/jam_exports/collisionrelateddocs__collision_releated__collision-engineers-whiteboard.jam/images,,collision-engineers-design,,0
frame-030.png:Zone.Identifier,identifier,reference/data/jam_exports/collisionrelateddocs__collision_releated__collision-engineers-whiteboard.jam/images,,collision-engineers-design,,1
frame-031.png,png,reference/data/jam_exports/collisionrelateddocs__collision_releated__collision-engineers-whiteboard.jam/images,,collision-engineers-design,,0
frame-031.png:Zone.Identifier,identifier,reference/data/jam_exports/collisionrelateddocs__collision_releated__collision-engineers-whiteboard.jam/images,,collision-engineers-design,,1
frame-032.png,png,reference/data/jam_exports/collisionrelateddocs__collision_releated__collision-engineers-whiteboard.jam/images,,collision-engineers-design,,0
frame-032.png:Zone.Identifier,identifier,reference/data/jam_exports/collisionrelateddocs__collision_releated__collision-engineers-whiteboard.jam/images,,collision-engineers-design,,1
frame-033.png,png,reference/data/jam_exports/collisionrelateddocs__collision_releated__collision-engineers-whiteboard.jam/images,,collision-engineers-design,,0
frame-033.png:Zone.Identifier,identifier,reference/data/jam_exports/collisionrelateddocs__collision_releated__collision-engineers-whiteboard.jam/images,,collision-engineers-design,,1
frame-034.png,png,reference/data/jam_exports/collisionrelateddocs__collision_releated__collision-engineers-whiteboard.jam/images,,collision-engineers-design,,0
frame-034.png:Zone.Identifier,identifier,reference/data/jam_exports/collisionrelateddocs__collision_releated__collision-engineers-whiteboard.jam/images,,collision-engineers-design,,1
frame-035.png,png,reference/data/jam_exports/collisionrelateddocs__collision_releated__collision-engineers-whiteboard.jam/images,,collision-engineers-design,,0
frame-035.png:Zone.Identifier,identifier,reference/data/jam_exports/collisionrelateddocs__collision_releated__collision-engineers-whiteboard.jam/images,,collision-engineers-design,,1
frame-036.png,png,reference/data/jam_exports/collisionrelateddocs__collision_releated__collision-engineers-whiteboard.jam/images,,collision-engineers-design,,0
frame-036.png:Zone.Identifier,identifier,reference/data/jam_exports/collisionrelateddocs__collision_releated__collision-engineers-whiteboard.jam/images,,collision-engineers-design,,1
frame-037.png,png,reference/data/jam_exports/collisionrelateddocs__collision_releated__collision-engineers-whiteboard.jam/images,,collision-engineers-design,,0
frame-037.png:Zone.Identifier,identifier,reference/data/jam_exports/collisionrelateddocs__collision_releated__collision-engineers-whiteboard.jam/images,,collision-engineers-design,,1
frame-038.png,png,reference/data/jam_exports/collisionrelateddocs__collision_releated__collision-engineers-whiteboard.jam/images,,collision-engineers-design,,0
frame-038.png:Zone.Identifier,identifier,reference/data/jam_exports/collisionrelateddocs__collision_releated__collision-engineers-whiteboard.jam/images,,collision-engineers-design,,1
frame-039.png,png,reference/data/jam_exports/collisionrelateddocs__collision_releated__collision-engineers-whiteboard.jam/images,,collision-engineers-design,,0
frame-039.png:Zone.Identifier,identifier,reference/data/jam_exports/collisionrelateddocs__collision_releated__collision-engineers-whiteboard.jam/images,,collision-engineers-design,,1
frame-040.png,png,reference/data/jam_exports/collisionrelateddocs__collision_releated__collision-engineers-whiteboard.jam/images,,collision-engineers-design,,0
frame-040.png:Zone.Identifier,identifier,reference/data/jam_exports/collisionrelateddocs__collision_releated__collision-engineers-whiteboard.jam/images,,collision-engineers-design,,1
frame-041.png,png,reference/data/jam_exports/collisionrelateddocs__collision_releated__collision-engineers-whiteboard.jam/images,,collision-engineers-design,,0
frame-041.png:Zone.Identifier,identifier,reference/data/jam_exports/collisionrelateddocs__collision_releated__collision-engineers-whiteboard.jam/images,,collision-engineers-design,,1
frame-042.png,png,reference/data/jam_exports/collisionrelateddocs__collision_releated__collision-engineers-whiteboard.jam/images,,collision-engineers-design,,0
frame-042.png:Zone.Identifier,identifier,reference/data/jam_exports/collisionrelateddocs__collision_releated__collision-engineers-whiteboard.jam/images,,collision-engineers-design,,1
frame-043.png,png,reference/data/jam_exports/collisionrelateddocs__collision_releated__collision-engineers-whiteboard.jam/images,,collision-engineers-design,,0
frame-043.png:Zone.Identifier,identifier,reference/data/jam_exports/collisionrelateddocs__collision_releated__collision-engineers-whiteboard.jam/images,,collision-engineers-design,,1
frame-044.png,png,reference/data/jam_exports/collisionrelateddocs__collision_releated__collision-engineers-whiteboard.jam/images,,collision-engineers-design,,0
frame-044.png:Zone.Identifier,identifier,reference/data/jam_exports/collisionrelateddocs__collision_releated__collision-engineers-whiteboard.jam/images,,collision-engineers-design,,1
thumbnail.png,png,reference/data/jam_exports/collisionrelateddocs__collision_releated__collision-engineers-whiteboard.jam/images,,collision-engineers-design,,0
thumbnail.png:Zone.Identifier,identifier,reference/data/jam_exports/collisionrelateddocs__collision_releated__collision-engineers-whiteboard.jam/images,,collision-engineers-design,,1
jam_meta.json,json,reference/data/jam_exports/collisionrelateddocs__collision_releated__collision-engineers-whiteboard.jam,,collision-engineers-design,,0
jam_meta.json:Zone.Identifier,identifier,reference/data/jam_exports/collisionrelateddocs__collision_releated__collision-engineers-whiteboard.jam,,collision-engineers-design,,1
parser_corpus_fixture_ledger.csv,csv,reference/data,,missing-skill:general-reference,,0
parser_corpus_fixture_ledger.csv:Zone.Identifier,identifier,reference/data,,missing-skill:general-reference,,1
parser_corpus_fixture_ledger.json,json,reference/data,,missing-skill:general-reference,,0
parser_corpus_fixture_ledger.json:Zone.Identifier,identifier,reference/data,,missing-skill:general-reference,,1
parser_corpus_regression_report.json,json,reference/data,,missing-skill:general-reference,,0
parser_corpus_regression_report.json:Zone.Identifier,identifier,reference/data,,missing-skill:general-reference,,1
parser_provider_presets_v1.json,json,reference/data,,missing-skill:general-reference,,0
parser_provider_presets_v1.json:Zone.Identifier,identifier,reference/data,,missing-skill:general-reference,,1
provider_coverage_matrix.csv,csv,reference/data,,missing-skill:general-reference,,0
provider_coverage_matrix.csv:Zone.Identifier,identifier,reference/data,,missing-skill:general-reference,,1
provider_coverage_matrix.md,md,reference/data,,missing-skill:general-reference,,0
provider_coverage_matrix.md:Zone.Identifier,identifier,reference/data,,missing-skill:general-reference,,1
collisionrelateddocs__claudechat.md.md,md,reference/normalized,,missing-skill:raw-intake-reference,,0
collisionrelateddocs__claudechat.md.md:Zone.Identifier,identifier,reference/normalized,,missing-skill:raw-intake-reference,,1
collisionrelateddocs__claudechatnormalized.md.md,md,reference/normalized,,missing-skill:raw-intake-reference,,0
collisionrelateddocs__claudechatnormalized.md.md:Zone.Identifier,identifier,reference/normalized,,missing-skill:raw-intake-reference,,1
collisionrelateddocs__collision_releated__backup-of-ce-job-sheet-260309.xlsm.md,md,reference/normalized,,missing-skill:raw-intake-reference,,0
collisionrelateddocs__collision_releated__backup-of-ce-job-sheet-260309.xlsm.md:Zone.Identifier,identifier,reference/normalized,,missing-skill:raw-intake-reference,,1
collisionrelateddocs__collision_releated__backup-of-ce-job-sheet-260429.xlsm.md,md,reference/normalized,,missing-skill:raw-intake-reference,,0
collisionrelateddocs__collision_releated__backup-of-ce-job-sheet-260429.xlsm.md:Zone.Identifier,identifier,reference/normalized,,missing-skill:raw-intake-reference,,1
collisionrelateddocs__collision_releated__backup-of-conditional-formatting-260202.txt.md,md,reference/normalized,,missing-skill:raw-intake-reference,,0
collisionrelateddocs__collision_releated__backup-of-conditional-formatting-260202.txt.md:Zone.Identifier,identifier,reference/normalized,,missing-skill:raw-intake-reference,,1
collisionrelateddocs__collision_releated__ce-communication-style-tone-profile.docx.md,md,reference/normalized,,missing-skill:raw-intake-reference,,0
collisionrelateddocs__collision_releated__ce-communication-style-tone-profile.docx.md:Zone.Identifier,identifier,reference/normalized,,missing-skill:raw-intake-reference,,1
collisionrelateddocs__collision_releated__collision-engineers-whiteboard.jam.md,md,reference/normalized,,collision-engineers-design,,0
collisionrelateddocs__collision_releated__collision-engineers-whiteboard.jam.md:Zone.Identifier,identifier,reference/normalized,,collision-engineers-design,,1
collisionrelateddocs__collision_releated__eva-user-guide.pdf.md,md,reference/normalized,,missing-skill:raw-intake-reference,,0
collisionrelateddocs__collision_releated__eva-user-guide.pdf.md:Zone.Identifier,identifier,reference/normalized,,missing-skill:raw-intake-reference,,1
collisionrelateddocs__collision_releated__evaapidocs.pdf.md,md,reference/normalized,,missing-skill:raw-intake-reference,,0
collisionrelateddocs__collision_releated__evaapidocs.pdf.md:Zone.Identifier,identifier,reference/normalized,,missing-skill:raw-intake-reference,,1
collisionrelateddocs__collision_releated__handover.docx.md,md,reference/normalized,,missing-skill:raw-intake-reference,,0
collisionrelateddocs__collision_releated__handover.docx.md:Zone.Identifier,identifier,reference/normalized,,missing-skill:raw-intake-reference,,1
collisionrelateddocs__collision_releated__mapped-principals.xlsx.md,md,reference/normalized,,missing-skill:raw-intake-reference,,0
collisionrelateddocs__collision_releated__mapped-principals.xlsx.md:Zone.Identifier,identifier,reference/normalized,,missing-skill:raw-intake-reference,,1
collisionrelateddocs__collision_releated__sentry_api_complete_guide.md.md,md,reference/normalized,,missing-skill:raw-intake-reference,,0
collisionrelateddocs__collision_releated__sentry_api_complete_guide.md.md:Zone.Identifier,identifier,reference/normalized,,missing-skill:raw-intake-reference,,1
collisionrelateddocs__collision_releated__standard-audatex-invoice.docx.md,md,reference/normalized,,missing-skill:raw-intake-reference,,0
collisionrelateddocs__collision_releated__standard-audatex-invoice.docx.md:Zone.Identifier,identifier,reference/normalized,,missing-skill:raw-intake-reference,,1
collisionrelateddocs__collision_releated__website-invoice-template.docx.md,md,reference/normalized,,missing-skill:raw-intake-reference,,0
collisionrelateddocs__collision_releated__website-invoice-template.docx.md:Zone.Identifier,identifier,reference/normalized,,missing-skill:raw-intake-reference,,1
collisionrelateddocs__final-format-example-02.json.md,md,reference/normalized,,missing-skill:raw-intake-reference,,0
collisionrelateddocs__final-format-example-02.json.md:Zone.Identifier,identifier,reference/normalized,,missing-skill:raw-intake-reference,,1
collisionrelateddocs__instructions____images-01.docx.md,md,reference/normalized,,missing-skill:raw-intake-reference,,0
collisionrelateddocs__instructions____images-01.docx.md:Zone.Identifier,identifier,reference/normalized,,missing-skill:raw-intake-reference,,1
collisionrelateddocs__instructions____images-02.pdf.md,md,reference/normalized,,missing-skill:raw-intake-reference,,0
collisionrelateddocs__instructions____images-02.pdf.md:Zone.Identifier,identifier,reference/normalized,,missing-skill:raw-intake-reference,,1
collisionrelateddocs__instructions____images-03.pdf.md,md,reference/normalized,,missing-skill:raw-intake-reference,,0
collisionrelateddocs__instructions____images-03.pdf.md:Zone.Identifier,identifier,reference/normalized,,missing-skill:raw-intake-reference,,1
collisionrelateddocs__instructions__alison-pdf-01.pdf.md,md,reference/normalized,,missing-skill:raw-intake-reference,,0
collisionrelateddocs__instructions__alison-pdf-01.pdf.md:Zone.Identifier,identifier,reference/normalized,,missing-skill:raw-intake-reference,,1
collisionrelateddocs__instructions__alison-pdf-02.pdf.md,md,reference/normalized,,missing-skill:raw-intake-reference,,0
collisionrelateddocs__instructions__alison-pdf-02.pdf.md:Zone.Identifier,identifier,reference/normalized,,missing-skill:raw-intake-reference,,1
collisionrelateddocs__instructions__alison-pdf-03.pdf.md,md,reference/normalized,,missing-skill:raw-intake-reference,,0
collisionrelateddocs__instructions__alison-pdf-03.pdf.md:Zone.Identifier,identifier,reference/normalized,,missing-skill:raw-intake-reference,,1
collisionrelateddocs__instructions__alison-pdf-04.pdf.md,md,reference/normalized,,missing-skill:raw-intake-reference,,0
collisionrelateddocs__instructions__alison-pdf-04.pdf.md:Zone.Identifier,identifier,reference/normalized,,missing-skill:raw-intake-reference,,1
collisionrelateddocs__instructions__alison-pdf-05.pdf.md,md,reference/normalized,,missing-skill:raw-intake-reference,,0
collisionrelateddocs__instructions__alison-pdf-05.pdf.md:Zone.Identifier,identifier,reference/normalized,,missing-skill:raw-intake-reference,,1
collisionrelateddocs__instructions__alison-word-01.docx.md,md,reference/normalized,,missing-skill:raw-intake-reference,,0
collisionrelateddocs__instructions__alison-word-01.docx.md:Zone.Identifier,identifier,reference/normalized,,missing-skill:raw-intake-reference,,1
collisionrelateddocs__instructions__alison-word-02.docx.md,md,reference/normalized,,missing-skill:raw-intake-reference,,0
collisionrelateddocs__instructions__alison-word-02.docx.md:Zone.Identifier,identifier,reference/normalized,,missing-skill:raw-intake-reference,,1
collisionrelateddocs__instructions__alison-word-03.docx.md,md,reference/normalized,,missing-skill:raw-intake-reference,,0
collisionrelateddocs__instructions__alison-word-03.docx.md:Zone.Identifier,identifier,reference/normalized,,missing-skill:raw-intake-reference,,1
collisionrelateddocs__instructions__alison-word-04.docx.md,md,reference/normalized,,missing-skill:raw-intake-reference,,0
collisionrelateddocs__instructions__alison-word-04.docx.md:Zone.Identifier,identifier,reference/normalized,,missing-skill:raw-intake-reference,,1
collisionrelateddocs__instructions__alison-word-05.docx.md,md,reference/normalized,,missing-skill:raw-intake-reference,,0
collisionrelateddocs__instructions__alison-word-05.docx.md:Zone.Identifier,identifier,reference/normalized,,missing-skill:raw-intake-reference,,1
collisionrelateddocs__instructions__als-01.doc.md,md,reference/normalized,,missing-skill:raw-intake-reference,,0
collisionrelateddocs__instructions__als-01.doc.md:Zone.Identifier,identifier,reference/normalized,,missing-skill:raw-intake-reference,,1
collisionrelateddocs__instructions__als-02.doc.md,md,reference/normalized,,missing-skill:raw-intake-reference,,0
collisionrelateddocs__instructions__als-02.doc.md:Zone.Identifier,identifier,reference/normalized,,missing-skill:raw-intake-reference,,1
collisionrelateddocs__instructions__als-03.doc.md,md,reference/normalized,,missing-skill:raw-intake-reference,,0
collisionrelateddocs__instructions__als-03.doc.md:Zone.Identifier,identifier,reference/normalized,,missing-skill:raw-intake-reference,,1
collisionrelateddocs__instructions__als-04.doc.md,md,reference/normalized,,missing-skill:raw-intake-reference,,0
collisionrelateddocs__instructions__als-04.doc.md:Zone.Identifier,identifier,reference/normalized,,missing-skill:raw-intake-reference,,1
collisionrelateddocs__instructions__als-05.doc.md,md,reference/normalized,,missing-skill:raw-intake-reference,,0
collisionrelateddocs__instructions__als-05.doc.md:Zone.Identifier,identifier,reference/normalized,,missing-skill:raw-intake-reference,,1
collisionrelateddocs__instructions__ams-01.doc.md,md,reference/normalized,,missing-skill:raw-intake-reference,,0
collisionrelateddocs__instructions__ams-01.doc.md:Zone.Identifier,identifier,reference/normalized,,missing-skill:raw-intake-reference,,1
collisionrelateddocs__instructions__ams-02.doc.md,md,reference/normalized,,missing-skill:raw-intake-reference,,0
collisionrelateddocs__instructions__ams-02.doc.md:Zone.Identifier,identifier,reference/normalized,,missing-skill:raw-intake-reference,,1
collisionrelateddocs__instructions__ams-03.doc.md,md,reference/normalized,,missing-skill:raw-intake-reference,,0
collisionrelateddocs__instructions__ams-03.doc.md:Zone.Identifier,identifier,reference/normalized,,missing-skill:raw-intake-reference,,1
collisionrelateddocs__instructions__ams-04.doc.md,md,reference/normalized,,missing-skill:raw-intake-reference,,0
collisionrelateddocs__instructions__ams-04.doc.md:Zone.Identifier,identifier,reference/normalized,,missing-skill:raw-intake-reference,,1
collisionrelateddocs__instructions__ams-05.doc.md,md,reference/normalized,,missing-skill:raw-intake-reference,,0
collisionrelateddocs__instructions__ams-05.doc.md:Zone.Identifier,identifier,reference/normalized,,missing-skill:raw-intake-reference,,1
collisionrelateddocs__instructions__ax-01.pdf.md,md,reference/normalized,,missing-skill:raw-intake-reference,,0
collisionrelateddocs__instructions__ax-01.pdf.md:Zone.Identifier,identifier,reference/normalized,,missing-skill:raw-intake-reference,,1
collisionrelateddocs__instructions__ax-02.pdf.md,md,reference/normalized,,missing-skill:raw-intake-reference,,0
collisionrelateddocs__instructions__ax-02.pdf.md:Zone.Identifier,identifier,reference/normalized,,missing-skill:raw-intake-reference,,1
collisionrelateddocs__instructions__ax-03.pdf.md,md,reference/normalized,,missing-skill:raw-intake-reference,,0
collisionrelateddocs__instructions__ax-03.pdf.md:Zone.Identifier,identifier,reference/normalized,,missing-skill:raw-intake-reference,,1
collisionrelateddocs__instructions__ax-04.pdf.md,md,reference/normalized,,missing-skill:raw-intake-reference,,0
collisionrelateddocs__instructions__ax-04.pdf.md:Zone.Identifier,identifier,reference/normalized,,missing-skill:raw-intake-reference,,1
collisionrelateddocs__instructions__ax-05.pdf.md,md,reference/normalized,,missing-skill:raw-intake-reference,,0
collisionrelateddocs__instructions__ax-05.pdf.md:Zone.Identifier,identifier,reference/normalized,,missing-skill:raw-intake-reference,,1
collisionrelateddocs__instructions__bc-01.doc.md,md,reference/normalized,,missing-skill:raw-intake-reference,,0
collisionrelateddocs__instructions__bc-01.doc.md:Zone.Identifier,identifier,reference/normalized,,missing-skill:raw-intake-reference,,1
collisionrelateddocs__instructions__bc-02.doc.md,md,reference/normalized,,missing-skill:raw-intake-reference,,0
collisionrelateddocs__instructions__bc-02.doc.md:Zone.Identifier,identifier,reference/normalized,,missing-skill:raw-intake-reference,,1
collisionrelateddocs__instructions__bc-03.doc.md,md,reference/normalized,,missing-skill:raw-intake-reference,,0
collisionrelateddocs__instructions__bc-03.doc.md:Zone.Identifier,identifier,reference/normalized,,missing-skill:raw-intake-reference,,1
collisionrelateddocs__instructions__bc-04.doc.md,md,reference/normalized,,missing-skill:raw-intake-reference,,0
collisionrelateddocs__instructions__bc-04.doc.md:Zone.Identifier,identifier,reference/normalized,,missing-skill:raw-intake-reference,,1
collisionrelateddocs__instructions__bc-05.doc.md,md,reference/normalized,,missing-skill:raw-intake-reference,,0
collisionrelateddocs__instructions__bc-05.doc.md:Zone.Identifier,identifier,reference/normalized,,missing-skill:raw-intake-reference,,1
collisionrelateddocs__instructions__black-01.pdf.md,md,reference/normalized,,missing-skill:raw-intake-reference,,0
collisionrelateddocs__instructions__black-01.pdf.md:Zone.Identifier,identifier,reference/normalized,,missing-skill:raw-intake-reference,,1
collisionrelateddocs__instructions__black-02.pdf.md,md,reference/normalized,,missing-skill:raw-intake-reference,,0
collisionrelateddocs__instructions__black-02.pdf.md:Zone.Identifier,identifier,reference/normalized,,missing-skill:raw-intake-reference,,1
collisionrelateddocs__instructions__black-03.pdf.md,md,reference/normalized,,missing-skill:raw-intake-reference,,0
collisionrelateddocs__instructions__black-03.pdf.md:Zone.Identifier,identifier,reference/normalized,,missing-skill:raw-intake-reference,,1
collisionrelateddocs__instructions__black-04.pdf.md,md,reference/normalized,,missing-skill:raw-intake-reference,,0
collisionrelateddocs__instructions__black-04.pdf.md:Zone.Identifier,identifier,reference/normalized,,missing-skill:raw-intake-reference,,1
collisionrelateddocs__instructions__black-05.pdf.md,md,reference/normalized,,missing-skill:raw-intake-reference,,0
collisionrelateddocs__instructions__black-05.pdf.md:Zone.Identifier,identifier,reference/normalized,,missing-skill:raw-intake-reference,,1
collisionrelateddocs__instructions__cnx-01.pdf.md,md,reference/normalized,,missing-skill:raw-intake-reference,,0
collisionrelateddocs__instructions__cnx-01.pdf.md:Zone.Identifier,identifier,reference/normalized,,missing-skill:raw-intake-reference,,1
collisionrelateddocs__instructions__cnx-02.pdf.md,md,reference/normalized,,missing-skill:raw-intake-reference,,0
collisionrelateddocs__instructions__cnx-02.pdf.md:Zone.Identifier,identifier,reference/normalized,,missing-skill:raw-intake-reference,,1
collisionrelateddocs__instructions__cnx-03.pdf.md,md,reference/normalized,,missing-skill:raw-intake-reference,,0
collisionrelateddocs__instructions__cnx-03.pdf.md:Zone.Identifier,identifier,reference/normalized,,missing-skill:raw-intake-reference,,1
collisionrelateddocs__instructions__cnx-04.pdf.md,md,reference/normalized,,missing-skill:raw-intake-reference,,0
collisionrelateddocs__instructions__cnx-04.pdf.md:Zone.Identifier,identifier,reference/normalized,,missing-skill:raw-intake-reference,,1
collisionrelateddocs__instructions__cnx-05.pdf.md,md,reference/normalized,,missing-skill:raw-intake-reference,,0
collisionrelateddocs__instructions__cnx-05.pdf.md:Zone.Identifier,identifier,reference/normalized,,missing-skill:raw-intake-reference,,1
collisionrelateddocs__instructions__dfd-01.pdf.md,md,reference/normalized,,missing-skill:raw-intake-reference,,0
collisionrelateddocs__instructions__dfd-01.pdf.md:Zone.Identifier,identifier,reference/normalized,,missing-skill:raw-intake-reference,,1
collisionrelateddocs__instructions__dfd-02.pdf.md,md,reference/normalized,,missing-skill:raw-intake-reference,,0
collisionrelateddocs__instructions__dfd-02.pdf.md:Zone.Identifier,identifier,reference/normalized,,missing-skill:raw-intake-reference,,1
collisionrelateddocs__instructions__dfd-03.pdf.md,md,reference/normalized,,missing-skill:raw-intake-reference,,0
collisionrelateddocs__instructions__dfd-03.pdf.md:Zone.Identifier,identifier,reference/normalized,,missing-skill:raw-intake-reference,,1
collisionrelateddocs__instructions__dfd-04.pdf.md,md,reference/normalized,,missing-skill:raw-intake-reference,,0
collisionrelateddocs__instructions__dfd-04.pdf.md:Zone.Identifier,identifier,reference/normalized,,missing-skill:raw-intake-reference,,1
collisionrelateddocs__instructions__dfd-05.pdf.md,md,reference/normalized,,missing-skill:raw-intake-reference,,0
collisionrelateddocs__instructions__dfd-05.pdf.md:Zone.Identifier,identifier,reference/normalized,,missing-skill:raw-intake-reference,,1
collisionrelateddocs__instructions__eva-01.pdf.md,md,reference/normalized,,missing-skill:raw-intake-reference,,0
collisionrelateddocs__instructions__eva-01.pdf.md:Zone.Identifier,identifier,reference/normalized,,missing-skill:raw-intake-reference,,1
collisionrelateddocs__instructions__eva-02.pdf.md,md,reference/normalized,,missing-skill:raw-intake-reference,,0
collisionrelateddocs__instructions__eva-02.pdf.md:Zone.Identifier,identifier,reference/normalized,,missing-skill:raw-intake-reference,,1
collisionrelateddocs__instructions__eva-03.pdf.md,md,reference/normalized,,missing-skill:raw-intake-reference,,0
collisionrelateddocs__instructions__eva-03.pdf.md:Zone.Identifier,identifier,reference/normalized,,missing-skill:raw-intake-reference,,1
collisionrelateddocs__instructions__eva-04.pdf.md,md,reference/normalized,,missing-skill:raw-intake-reference,,0
collisionrelateddocs__instructions__eva-04.pdf.md:Zone.Identifier,identifier,reference/normalized,,missing-skill:raw-intake-reference,,1
collisionrelateddocs__instructions__eva-05.pdf.md,md,reference/normalized,,missing-skill:raw-intake-reference,,0
collisionrelateddocs__instructions__eva-05.pdf.md:Zone.Identifier,identifier,reference/normalized,,missing-skill:raw-intake-reference,,1
collisionrelateddocs__instructions__fw-01.msg.md,md,reference/normalized,,missing-skill:raw-intake-reference,,0
collisionrelateddocs__instructions__fw-01.msg.md:Zone.Identifier,identifier,reference/normalized,,missing-skill:raw-intake-reference,,1
collisionrelateddocs__instructions__fw-02.msg.md,md,reference/normalized,,missing-skill:raw-intake-reference,,0
collisionrelateddocs__instructions__fw-02.msg.md:Zone.Identifier,identifier,reference/normalized,,missing-skill:raw-intake-reference,,1
collisionrelateddocs__instructions__fw-03.msg.md,md,reference/normalized,,missing-skill:raw-intake-reference,,0
collisionrelateddocs__instructions__fw-03.msg.md:Zone.Identifier,identifier,reference/normalized,,missing-skill:raw-intake-reference,,1
collisionrelateddocs__instructions__fw-04.msg.md,md,reference/normalized,,missing-skill:raw-intake-reference,,0
collisionrelateddocs__instructions__fw-04.msg.md:Zone.Identifier,identifier,reference/normalized,,missing-skill:raw-intake-reference,,1
collisionrelateddocs__instructions__fw-05.msg.md,md,reference/normalized,,missing-skill:raw-intake-reference,,0
collisionrelateddocs__instructions__fw-05.msg.md:Zone.Identifier,identifier,reference/normalized,,missing-skill:raw-intake-reference,,1
collisionrelateddocs__instructions__hduk-01.pdf.md,md,reference/normalized,,missing-skill:raw-intake-reference,,0
collisionrelateddocs__instructions__hduk-01.pdf.md:Zone.Identifier,identifier,reference/normalized,,missing-skill:raw-intake-reference,,1
collisionrelateddocs__instructions__hduk-02.pdf.md,md,reference/normalized,,missing-skill:raw-intake-reference,,0
collisionrelateddocs__instructions__hduk-02.pdf.md:Zone.Identifier,identifier,reference/normalized,,missing-skill:raw-intake-reference,,1
collisionrelateddocs__instructions__hduk-03.pdf.md,md,reference/normalized,,missing-skill:raw-intake-reference,,0
collisionrelateddocs__instructions__hduk-03.pdf.md:Zone.Identifier,identifier,reference/normalized,,missing-skill:raw-intake-reference,,1
collisionrelateddocs__instructions__hduk-04.pdf.md,md,reference/normalized,,missing-skill:raw-intake-reference,,0
collisionrelateddocs__instructions__hduk-04.pdf.md:Zone.Identifier,identifier,reference/normalized,,missing-skill:raw-intake-reference,,1
collisionrelateddocs__instructions__hduk-05.pdf.md,md,reference/normalized,,missing-skill:raw-intake-reference,,0
collisionrelateddocs__instructions__hduk-05.pdf.md:Zone.Identifier,identifier,reference/normalized,,missing-skill:raw-intake-reference,,1
collisionrelateddocs__instructions__kbs-01.docx.md,md,reference/normalized,,missing-skill:raw-intake-reference,,0
collisionrelateddocs__instructions__kbs-01.docx.md:Zone.Identifier,identifier,reference/normalized,,missing-skill:raw-intake-reference,,1
collisionrelateddocs__instructions__kbs-02.pdf.md,md,reference/normalized,,missing-skill:raw-intake-reference,,0
collisionrelateddocs__instructions__kbs-02.pdf.md:Zone.Identifier,identifier,reference/normalized,,missing-skill:raw-intake-reference,,1
collisionrelateddocs__instructions__kbs-03.pdf.md,md,reference/normalized,,missing-skill:raw-intake-reference,,0
collisionrelateddocs__instructions__kbs-03.pdf.md:Zone.Identifier,identifier,reference/normalized,,missing-skill:raw-intake-reference,,1
collisionrelateddocs__instructions__kbs-04.pdf.md,md,reference/normalized,,missing-skill:raw-intake-reference,,0
collisionrelateddocs__instructions__kbs-04.pdf.md:Zone.Identifier,identifier,reference/normalized,,missing-skill:raw-intake-reference,,1
collisionrelateddocs__instructions__kbs-05.pdf.md,md,reference/normalized,,missing-skill:raw-intake-reference,,0
collisionrelateddocs__instructions__kbs-05.pdf.md:Zone.Identifier,identifier,reference/normalized,,missing-skill:raw-intake-reference,,1
collisionrelateddocs__instructions__kerr-01.msg.md,md,reference/normalized,,missing-skill:raw-intake-reference,,0
collisionrelateddocs__instructions__kerr-01.msg.md:Zone.Identifier,identifier,reference/normalized,,missing-skill:raw-intake-reference,,1
collisionrelateddocs__instructions__kerr-02.msg.md,md,reference/normalized,,missing-skill:raw-intake-reference,,0
collisionrelateddocs__instructions__kerr-02.msg.md:Zone.Identifier,identifier,reference/normalized,,missing-skill:raw-intake-reference,,1
collisionrelateddocs__instructions__kerr-03.msg.md,md,reference/normalized,,missing-skill:raw-intake-reference,,0
collisionrelateddocs__instructions__kerr-03.msg.md:Zone.Identifier,identifier,reference/normalized,,missing-skill:raw-intake-reference,,1
collisionrelateddocs__instructions__kerr-04.msg.md,md,reference/normalized,,missing-skill:raw-intake-reference,,0
collisionrelateddocs__instructions__kerr-04.msg.md:Zone.Identifier,identifier,reference/normalized,,missing-skill:raw-intake-reference,,1
collisionrelateddocs__instructions__kerr-05.msg.md,md,reference/normalized,,missing-skill:raw-intake-reference,,0
collisionrelateddocs__instructions__kerr-05.msg.md:Zone.Identifier,identifier,reference/normalized,,missing-skill:raw-intake-reference,,1
collisionrelateddocs__instructions__kmr-01.pdf.md,md,reference/normalized,,missing-skill:raw-intake-reference,,0
collisionrelateddocs__instructions__kmr-01.pdf.md:Zone.Identifier,identifier,reference/normalized,,missing-skill:raw-intake-reference,,1
collisionrelateddocs__instructions__kmr-02.pdf.md,md,reference/normalized,,missing-skill:raw-intake-reference,,0
collisionrelateddocs__instructions__kmr-02.pdf.md:Zone.Identifier,identifier,reference/normalized,,missing-skill:raw-intake-reference,,1
collisionrelateddocs__instructions__kmr-03.pdf.md,md,reference/normalized,,missing-skill:raw-intake-reference,,0
collisionrelateddocs__instructions__kmr-03.pdf.md:Zone.Identifier,identifier,reference/normalized,,missing-skill:raw-intake-reference,,1
collisionrelateddocs__instructions__kmr-04.pdf.md,md,reference/normalized,,missing-skill:raw-intake-reference,,0
collisionrelateddocs__instructions__kmr-04.pdf.md:Zone.Identifier,identifier,reference/normalized,,missing-skill:raw-intake-reference,,1
collisionrelateddocs__instructions__kmr-05.pdf.md,md,reference/normalized,,missing-skill:raw-intake-reference,,0
collisionrelateddocs__instructions__kmr-05.pdf.md:Zone.Identifier,identifier,reference/normalized,,missing-skill:raw-intake-reference,,1
collisionrelateddocs__instructions__law-01.doc.md,md,reference/normalized,,missing-skill:raw-intake-reference,,0
collisionrelateddocs__instructions__law-01.doc.md:Zone.Identifier,identifier,reference/normalized,,missing-skill:raw-intake-reference,,1
collisionrelateddocs__instructions__law-02.doc.md,md,reference/normalized,,missing-skill:raw-intake-reference,,0
collisionrelateddocs__instructions__law-02.doc.md:Zone.Identifier,identifier,reference/normalized,,missing-skill:raw-intake-reference,,1
collisionrelateddocs__instructions__law-03.doc.md,md,reference/normalized,,missing-skill:raw-intake-reference,,0
collisionrelateddocs__instructions__law-03.doc.md:Zone.Identifier,identifier,reference/normalized,,missing-skill:raw-intake-reference,,1
collisionrelateddocs__instructions__law-04.doc.md,md,reference/normalized,,missing-skill:raw-intake-reference,,0
collisionrelateddocs__instructions__law-04.doc.md:Zone.Identifier,identifier,reference/normalized,,missing-skill:raw-intake-reference,,1
collisionrelateddocs__instructions__law-05.doc.md,md,reference/normalized,,missing-skill:raw-intake-reference,,0
collisionrelateddocs__instructions__law-05.doc.md:Zone.Identifier,identifier,reference/normalized,,missing-skill:raw-intake-reference,,1
collisionrelateddocs__instructions__mp-pdf-01.pdf.md,md,reference/normalized,,missing-skill:raw-intake-reference,,0
collisionrelateddocs__instructions__mp-pdf-01.pdf.md:Zone.Identifier,identifier,reference/normalized,,missing-skill:raw-intake-reference,,1
collisionrelateddocs__instructions__mp-pdf-02.pdf.md,md,reference/normalized,,missing-skill:raw-intake-reference,,0
collisionrelateddocs__instructions__mp-pdf-02.pdf.md:Zone.Identifier,identifier,reference/normalized,,missing-skill:raw-intake-reference,,1
collisionrelateddocs__instructions__mp-pdf-03.pdf.md,md,reference/normalized,,missing-skill:raw-intake-reference,,0
collisionrelateddocs__instructions__mp-pdf-03.pdf.md:Zone.Identifier,identifier,reference/normalized,,missing-skill:raw-intake-reference,,1
collisionrelateddocs__instructions__mp-pdf-04.pdf.md,md,reference/normalized,,missing-skill:raw-intake-reference,,0
collisionrelateddocs__instructions__mp-pdf-04.pdf.md:Zone.Identifier,identifier,reference/normalized,,missing-skill:raw-intake-reference,,1
collisionrelateddocs__instructions__mp-weird-01.pdf.md,md,reference/normalized,,missing-skill:raw-intake-reference,,0
collisionrelateddocs__instructions__mp-weird-01.pdf.md:Zone.Identifier,identifier,reference/normalized,,missing-skill:raw-intake-reference,,1
collisionrelateddocs__instructions__mp-weird-02.pdf.md,md,reference/normalized,,missing-skill:raw-intake-reference,,0
collisionrelateddocs__instructions__mp-weird-02.pdf.md:Zone.Identifier,identifier,reference/normalized,,missing-skill:raw-intake-reference,,1
collisionrelateddocs__instructions__mp-word-01.doc.md,md,reference/normalized,,missing-skill:raw-intake-reference,,0
collisionrelateddocs__instructions__mp-word-01.doc.md:Zone.Identifier,identifier,reference/normalized,,missing-skill:raw-intake-reference,,1
collisionrelateddocs__instructions__mp-word-02.doc.md,md,reference/normalized,,missing-skill:raw-intake-reference,,0
collisionrelateddocs__instructions__mp-word-02.doc.md:Zone.Identifier,identifier,reference/normalized,,missing-skill:raw-intake-reference,,1
collisionrelateddocs__instructions__mp-word-03.doc.md,md,reference/normalized,,missing-skill:raw-intake-reference,,0
collisionrelateddocs__instructions__mp-word-03.doc.md:Zone.Identifier,identifier,reference/normalized,,missing-skill:raw-intake-reference,,1
collisionrelateddocs__instructions__mp-word-04.doc.md,md,reference/normalized,,missing-skill:raw-intake-reference,,0
collisionrelateddocs__instructions__mp-word-04.doc.md:Zone.Identifier,identifier,reference/normalized,,missing-skill:raw-intake-reference,,1
collisionrelateddocs__instructions__mp-word-05.doc.md,md,reference/normalized,,missing-skill:raw-intake-reference,,0
collisionrelateddocs__instructions__mp-word-05.doc.md:Zone.Identifier,identifier,reference/normalized,,missing-skill:raw-intake-reference,,1
collisionrelateddocs__instructions__oak-01.doc.md,md,reference/normalized,,missing-skill:raw-intake-reference,,0
collisionrelateddocs__instructions__oak-01.doc.md:Zone.Identifier,identifier,reference/normalized,,missing-skill:raw-intake-reference,,1
collisionrelateddocs__instructions__oak-02.doc.md,md,reference/normalized,,missing-skill:raw-intake-reference,,0
collisionrelateddocs__instructions__oak-02.doc.md:Zone.Identifier,identifier,reference/normalized,,missing-skill:raw-intake-reference,,1
collisionrelateddocs__instructions__oak-03.doc.md,md,reference/normalized,,missing-skill:raw-intake-reference,,0
collisionrelateddocs__instructions__oak-03.doc.md:Zone.Identifier,identifier,reference/normalized,,missing-skill:raw-intake-reference,,1
collisionrelateddocs__instructions__oak-04.doc.md,md,reference/normalized,,missing-skill:raw-intake-reference,,0
collisionrelateddocs__instructions__oak-04.doc.md:Zone.Identifier,identifier,reference/normalized,,missing-skill:raw-intake-reference,,1
collisionrelateddocs__instructions__oak-05.doc.md,md,reference/normalized,,missing-skill:raw-intake-reference,,0
collisionrelateddocs__instructions__oak-05.doc.md:Zone.Identifier,identifier,reference/normalized,,missing-skill:raw-intake-reference,,1
collisionrelateddocs__instructions__pch-01.doc.md,md,reference/normalized,,missing-skill:raw-intake-reference,,0
collisionrelateddocs__instructions__pch-01.doc.md:Zone.Identifier,identifier,reference/normalized,,missing-skill:raw-intake-reference,,1
collisionrelateddocs__instructions__pch-02.doc.md,md,reference/normalized,,missing-skill:raw-intake-reference,,0
collisionrelateddocs__instructions__pch-02.doc.md:Zone.Identifier,identifier,reference/normalized,,missing-skill:raw-intake-reference,,1
collisionrelateddocs__instructions__pch-03.doc.md,md,reference/normalized,,missing-skill:raw-intake-reference,,0
collisionrelateddocs__instructions__pch-03.doc.md:Zone.Identifier,identifier,reference/normalized,,missing-skill:raw-intake-reference,,1
collisionrelateddocs__instructions__pch-04.doc.md,md,reference/normalized,,missing-skill:raw-intake-reference,,0
collisionrelateddocs__instructions__pch-04.doc.md:Zone.Identifier,identifier,reference/normalized,,missing-skill:raw-intake-reference,,1
collisionrelateddocs__instructions__pch-05.doc.md,md,reference/normalized,,missing-skill:raw-intake-reference,,0
collisionrelateddocs__instructions__pch-05.doc.md:Zone.Identifier,identifier,reference/normalized,,missing-skill:raw-intake-reference,,1
collisionrelateddocs__instructions__qcl-01.docx.md,md,reference/normalized,,missing-skill:raw-intake-reference,,0
collisionrelateddocs__instructions__qcl-01.docx.md:Zone.Identifier,identifier,reference/normalized,,missing-skill:raw-intake-reference,,1
collisionrelateddocs__instructions__qcl-02.docx.md,md,reference/normalized,,missing-skill:raw-intake-reference,,0
collisionrelateddocs__instructions__qcl-02.docx.md:Zone.Identifier,identifier,reference/normalized,,missing-skill:raw-intake-reference,,1
collisionrelateddocs__instructions__qcl-03.docx.md,md,reference/normalized,,missing-skill:raw-intake-reference,,0
collisionrelateddocs__instructions__qcl-03.docx.md:Zone.Identifier,identifier,reference/normalized,,missing-skill:raw-intake-reference,,1
collisionrelateddocs__instructions__qcl-04.docx.md,md,reference/normalized,,missing-skill:raw-intake-reference,,0
collisionrelateddocs__instructions__qcl-04.docx.md:Zone.Identifier,identifier,reference/normalized,,missing-skill:raw-intake-reference,,1
collisionrelateddocs__instructions__qcl-05.docx.md,md,reference/normalized,,missing-skill:raw-intake-reference,,0
collisionrelateddocs__instructions__qcl-05.docx.md:Zone.Identifier,identifier,reference/normalized,,missing-skill:raw-intake-reference,,1
collisionrelateddocs__instructions__qdos-01.pdf.md,md,reference/normalized,,missing-skill:raw-intake-reference,,0
collisionrelateddocs__instructions__qdos-01.pdf.md:Zone.Identifier,identifier,reference/normalized,,missing-skill:raw-intake-reference,,1
collisionrelateddocs__instructions__qdos-02.pdf.md,md,reference/normalized,,missing-skill:raw-intake-reference,,0
collisionrelateddocs__instructions__qdos-02.pdf.md:Zone.Identifier,identifier,reference/normalized,,missing-skill:raw-intake-reference,,1
collisionrelateddocs__instructions__qdos-03.pdf.md,md,reference/normalized,,missing-skill:raw-intake-reference,,0
collisionrelateddocs__instructions__qdos-03.pdf.md:Zone.Identifier,identifier,reference/normalized,,missing-skill:raw-intake-reference,,1
collisionrelateddocs__instructions__qdos-04.pdf.md,md,reference/normalized,,missing-skill:raw-intake-reference,,0
collisionrelateddocs__instructions__qdos-04.pdf.md:Zone.Identifier,identifier,reference/normalized,,missing-skill:raw-intake-reference,,1
collisionrelateddocs__instructions__qdos-05.pdf.md,md,reference/normalized,,missing-skill:raw-intake-reference,,0
collisionrelateddocs__instructions__qdos-05.pdf.md:Zone.Identifier,identifier,reference/normalized,,missing-skill:raw-intake-reference,,1
collisionrelateddocs__instructions__rjs-01.doc.md,md,reference/normalized,,missing-skill:raw-intake-reference,,0
collisionrelateddocs__instructions__rjs-01.doc.md:Zone.Identifier,identifier,reference/normalized,,missing-skill:raw-intake-reference,,1
collisionrelateddocs__instructions__rjs-02.doc.md,md,reference/normalized,,missing-skill:raw-intake-reference,,0
collisionrelateddocs__instructions__rjs-02.doc.md:Zone.Identifier,identifier,reference/normalized,,missing-skill:raw-intake-reference,,1
collisionrelateddocs__instructions__rjs-03.doc.md,md,reference/normalized,,missing-skill:raw-intake-reference,,0
collisionrelateddocs__instructions__rjs-03.doc.md:Zone.Identifier,identifier,reference/normalized,,missing-skill:raw-intake-reference,,1
collisionrelateddocs__instructions__rjs-04.doc.md,md,reference/normalized,,missing-skill:raw-intake-reference,,0
collisionrelateddocs__instructions__rjs-04.doc.md:Zone.Identifier,identifier,reference/normalized,,missing-skill:raw-intake-reference,,1
collisionrelateddocs__instructions__rjs-05.doc.md,md,reference/normalized,,missing-skill:raw-intake-reference,,0
collisionrelateddocs__instructions__rjs-05.doc.md:Zone.Identifier,identifier,reference/normalized,,missing-skill:raw-intake-reference,,1
collisionrelateddocs__instructions__sbl-01.pdf.md,md,reference/normalized,,missing-skill:raw-intake-reference,,0
collisionrelateddocs__instructions__sbl-01.pdf.md:Zone.Identifier,identifier,reference/normalized,,missing-skill:raw-intake-reference,,1
collisionrelateddocs__instructions__sbl-02.pdf.md,md,reference/normalized,,missing-skill:raw-intake-reference,,0
collisionrelateddocs__instructions__sbl-02.pdf.md:Zone.Identifier,identifier,reference/normalized,,missing-skill:raw-intake-reference,,1
collisionrelateddocs__instructions__sbl-03.pdf.md,md,reference/normalized,,missing-skill:raw-intake-reference,,0
collisionrelateddocs__instructions__sbl-03.pdf.md:Zone.Identifier,identifier,reference/normalized,,missing-skill:raw-intake-reference,,1
collisionrelateddocs__instructions__sbl-04.pdf.md,md,reference/normalized,,missing-skill:raw-intake-reference,,0
collisionrelateddocs__instructions__sbl-04.pdf.md:Zone.Identifier,identifier,reference/normalized,,missing-skill:raw-intake-reference,,1
collisionrelateddocs__instructions__sbl-05.pdf.md,md,reference/normalized,,missing-skill:raw-intake-reference,,0
collisionrelateddocs__instructions__sbl-05.pdf.md:Zone.Identifier,identifier,reference/normalized,,missing-skill:raw-intake-reference,,1
collisionrelateddocs__instructions__swan-01.docx.md,md,reference/normalized,,missing-skill:raw-intake-reference,,0
collisionrelateddocs__instructions__swan-01.docx.md:Zone.Identifier,identifier,reference/normalized,,missing-skill:raw-intake-reference,,1
collisionrelateddocs__instructions__swan-02.docx.md,md,reference/normalized,,missing-skill:raw-intake-reference,,0
collisionrelateddocs__instructions__swan-02.docx.md:Zone.Identifier,identifier,reference/normalized,,missing-skill:raw-intake-reference,,1
collisionrelateddocs__instructions__swan-03.docx.md,md,reference/normalized,,missing-skill:raw-intake-reference,,0
collisionrelateddocs__instructions__swan-03.docx.md:Zone.Identifier,identifier,reference/normalized,,missing-skill:raw-intake-reference,,1
collisionrelateddocs__instructions__swan-04.docx.md,md,reference/normalized,,missing-skill:raw-intake-reference,,0
collisionrelateddocs__instructions__swan-04.docx.md:Zone.Identifier,identifier,reference/normalized,,missing-skill:raw-intake-reference,,1
collisionrelateddocs__instructions__swan-05.docx.md,md,reference/normalized,,missing-skill:raw-intake-reference,,0
collisionrelateddocs__instructions__swan-05.docx.md:Zone.Identifier,identifier,reference/normalized,,missing-skill:raw-intake-reference,,1
collisionrelateddocs__instructions__ten-01.msg.md,md,reference/normalized,,missing-skill:raw-intake-reference,,0
collisionrelateddocs__instructions__ten-01.msg.md:Zone.Identifier,identifier,reference/normalized,,missing-skill:raw-intake-reference,,1
collisionrelateddocs__instructions__ten-02.msg.md,md,reference/normalized,,missing-skill:raw-intake-reference,,0
collisionrelateddocs__instructions__ten-02.msg.md:Zone.Identifier,identifier,reference/normalized,,missing-skill:raw-intake-reference,,1
collisionrelateddocs__instructions__ten-03.msg.md,md,reference/normalized,,missing-skill:raw-intake-reference,,0
collisionrelateddocs__instructions__ten-03.msg.md:Zone.Identifier,identifier,reference/normalized,,missing-skill:raw-intake-reference,,1
collisionrelateddocs__instructions__ten-04.msg.md,md,reference/normalized,,missing-skill:raw-intake-reference,,0
collisionrelateddocs__instructions__ten-04.msg.md:Zone.Identifier,identifier,reference/normalized,,missing-skill:raw-intake-reference,,1
collisionrelateddocs__instructions__ten-05.msg.md,md,reference/normalized,,missing-skill:raw-intake-reference,,0
collisionrelateddocs__instructions__ten-05.msg.md:Zone.Identifier,identifier,reference/normalized,,missing-skill:raw-intake-reference,,1
collisionrelateddocs__settings-backup__app_settings.json.md,md,reference/normalized,,missing-skill:raw-intake-reference,,0
collisionrelateddocs__settings-backup__app_settings.json.md:Zone.Identifier,identifier,reference/normalized,,missing-skill:raw-intake-reference,,1
collisionrelateddocs__settings-backup__providers.json.md,md,reference/normalized,,missing-skill:raw-intake-reference,,0
collisionrelateddocs__settings-backup__providers.json.md:Zone.Identifier,identifier,reference/normalized,,missing-skill:raw-intake-reference,,1
originalplanning_index.md,md,reference,,collision-engineers-design,,0
originalplanning_index.md:Zone.Identifier,identifier,reference,,collision-engineers-design,,1
00_README.md,md,reference/originalplanning/ce_phase4_agents_reviewed_plan/ce_phase4_agents_reviewed_plan,,collision-engineers-design,,0
00_README.md:Zone.Identifier,identifier,reference/originalplanning/ce_phase4_agents_reviewed_plan/ce_phase4_agents_reviewed_plan,,collision-engineers-design,,1
01_context_review_and_plan_corrections.md,md,reference/originalplanning/ce_phase4_agents_reviewed_plan/ce_phase4_agents_reviewed_plan,,collision-engineers-design,,0
01_context_review_and_plan_corrections.md:Zone.Identifier,identifier,reference/originalplanning/ce_phase4_agents_reviewed_plan/ce_phase4_agents_reviewed_plan,,collision-engineers-design,,1
02_agent_vs_automation_decision_framework.md,md,reference/originalplanning/ce_phase4_agents_reviewed_plan/ce_phase4_agents_reviewed_plan,,collision-engineers-design,,0
02_agent_vs_automation_decision_framework.md:Zone.Identifier,identifier,reference/originalplanning/ce_phase4_agents_reviewed_plan/ce_phase4_agents_reviewed_plan,,collision-engineers-design,,1
03_intake_and_case_association.md,md,reference/originalplanning/ce_phase4_agents_reviewed_plan/ce_phase4_agents_reviewed_plan,,collision-engineers-design,,0
03_intake_and_case_association.md:Zone.Identifier,identifier,reference/originalplanning/ce_phase4_agents_reviewed_plan/ce_phase4_agents_reviewed_plan,,collision-engineers-design,,1
04_missing_information_and_communication.md,md,reference/originalplanning/ce_phase4_agents_reviewed_plan/ce_phase4_agents_reviewed_plan,,collision-engineers-design,,0
04_missing_information_and_communication.md:Zone.Identifier,identifier,reference/originalplanning/ce_phase4_agents_reviewed_plan/ce_phase4_agents_reviewed_plan,,collision-engineers-design,,1
05_valuation_vehicle_data_and_uplift.md,md,reference/originalplanning/ce_phase4_agents_reviewed_plan/ce_phase4_agents_reviewed_plan,,collision-engineers-design,,0
05_valuation_vehicle_data_and_uplift.md:Zone.Identifier,identifier,reference/originalplanning/ce_phase4_agents_reviewed_plan/ce_phase4_agents_reviewed_plan,,collision-engineers-design,,1
06_engineer_support_report_drafting_and_eva.md,md,reference/originalplanning/ce_phase4_agents_reviewed_plan/ce_phase4_agents_reviewed_plan,,collision-engineers-design,,0
06_engineer_support_report_drafting_and_eva.md:Zone.Identifier,identifier,reference/originalplanning/ce_phase4_agents_reviewed_plan/ce_phase4_agents_reviewed_plan,,collision-engineers-design,,1
07_image_review_evidence_quality_and_matching.md,md,reference/originalplanning/ce_phase4_agents_reviewed_plan/ce_phase4_agents_reviewed_plan,,collision-engineers-design,,0
07_image_review_evidence_quality_and_matching.md:Zone.Identifier,identifier,reference/originalplanning/ce_phase4_agents_reviewed_plan/ce_phase4_agents_reviewed_plan,,collision-engineers-design,,1
08_operations_management_intelligence.md,md,reference/originalplanning/ce_phase4_agents_reviewed_plan/ce_phase4_agents_reviewed_plan,,collision-engineers-design,,0
08_operations_management_intelligence.md:Zone.Identifier,identifier,reference/originalplanning/ce_phase4_agents_reviewed_plan/ce_phase4_agents_reviewed_plan,,collision-engineers-design,,1
09_technical_architecture_integrations.md,md,reference/originalplanning/ce_phase4_agents_reviewed_plan/ce_phase4_agents_reviewed_plan,,collision-engineers-design,,0
09_technical_architecture_integrations.md:Zone.Identifier,identifier,reference/originalplanning/ce_phase4_agents_reviewed_plan/ce_phase4_agents_reviewed_plan,,collision-engineers-design,,1
10_security_governance_audit.md,md,reference/originalplanning/ce_phase4_agents_reviewed_plan/ce_phase4_agents_reviewed_plan,,collision-engineers-design,,0
10_security_governance_audit.md:Zone.Identifier,identifier,reference/originalplanning/ce_phase4_agents_reviewed_plan/ce_phase4_agents_reviewed_plan,,collision-engineers-design,,1
11_delivery_roadmap_and_acceptance_tests.md,md,reference/originalplanning/ce_phase4_agents_reviewed_plan/ce_phase4_agents_reviewed_plan,,collision-engineers-design,,0
11_delivery_roadmap_and_acceptance_tests.md:Zone.Identifier,identifier,reference/originalplanning/ce_phase4_agents_reviewed_plan/ce_phase4_agents_reviewed_plan,,collision-engineers-design,,1
12_open_questions_decision_log.md,md,reference/originalplanning/ce_phase4_agents_reviewed_plan/ce_phase4_agents_reviewed_plan,,collision-engineers-design,,0
12_open_questions_decision_log.md:Zone.Identifier,identifier,reference/originalplanning/ce_phase4_agents_reviewed_plan/ce_phase4_agents_reviewed_plan,,collision-engineers-design,,1
13_source_review_log.md,md,reference/originalplanning/ce_phase4_agents_reviewed_plan/ce_phase4_agents_reviewed_plan,,collision-engineers-design,,0
13_source_review_log.md:Zone.Identifier,identifier,reference/originalplanning/ce_phase4_agents_reviewed_plan/ce_phase4_agents_reviewed_plan,,collision-engineers-design,,1
14_web_reference_index.md,md,reference/originalplanning/ce_phase4_agents_reviewed_plan/ce_phase4_agents_reviewed_plan,,collision-engineers-design,,0
14_web_reference_index.md:Zone.Identifier,identifier,reference/originalplanning/ce_phase4_agents_reviewed_plan/ce_phase4_agents_reviewed_plan,,collision-engineers-design,,1
manifest.json,json,reference/originalplanning/ce_phase4_agents_reviewed_plan/ce_phase4_agents_reviewed_plan,,collision-engineers-design,,0
manifest.json:Zone.Identifier,identifier,reference/originalplanning/ce_phase4_agents_reviewed_plan/ce_phase4_agents_reviewed_plan,,collision-engineers-design,,1
00_README_PLAN_INDEX.md,md,reference/originalplanning/ce_system_plans_enhanced/ce_system_plans_enhanced,,collision-engineers-design,,0
00_README_PLAN_INDEX.md:Zone.Identifier,identifier,reference/originalplanning/ce_system_plans_enhanced/ce_system_plans_enhanced,,collision-engineers-design,,1
01_SOURCE_REFERENCE_MATRIX.md,md,reference/originalplanning/ce_system_plans_enhanced/ce_system_plans_enhanced,,collision-engineers-design,,0
01_SOURCE_REFERENCE_MATRIX.md:Zone.Identifier,identifier,reference/originalplanning/ce_system_plans_enhanced/ce_system_plans_enhanced,,collision-engineers-design,,1
02_PHASE_2_CASE_INTAKE_MVP_ENHANCED.md,md,reference/originalplanning/ce_system_plans_enhanced/ce_system_plans_enhanced,,collision-engineers-design,,0
02_PHASE_2_CASE_INTAKE_MVP_ENHANCED.md:Zone.Identifier,identifier,reference/originalplanning/ce_system_plans_enhanced/ce_system_plans_enhanced,,collision-engineers-design,,1
03_PHASE_6_BESPOKE_PLATFORM_ENHANCED.md,md,reference/originalplanning/ce_system_plans_enhanced/ce_system_plans_enhanced,,collision-engineers-design,,0
03_PHASE_6_BESPOKE_PLATFORM_ENHANCED.md:Zone.Identifier,identifier,reference/originalplanning/ce_system_plans_enhanced/ce_system_plans_enhanced,,collision-engineers-design,,1
04_WORK_PACKAGE_DISCOVERY_AND_BASELINE.md,md,reference/originalplanning/ce_system_plans_enhanced/ce_system_plans_enhanced,,collision-engineers-design,,0
04_WORK_PACKAGE_DISCOVERY_AND_BASELINE.md:Zone.Identifier,identifier,reference/originalplanning/ce_system_plans_enhanced/ce_system_plans_enhanced,,collision-engineers-design,,1
05_WORK_PACKAGE_DATA_MODEL_AND_WORKFLOW.md,md,reference/originalplanning/ce_system_plans_enhanced/ce_system_plans_enhanced,,collision-engineers-design,,0
05_WORK_PACKAGE_DATA_MODEL_AND_WORKFLOW.md:Zone.Identifier,identifier,reference/originalplanning/ce_system_plans_enhanced/ce_system_plans_enhanced,,collision-engineers-design,,1
06_WORK_PACKAGE_DOCUMENT_MAPPER_AND_EXTRACTION.md,md,reference/originalplanning/ce_system_plans_enhanced/ce_system_plans_enhanced,,collision-engineers-design,,0
06_WORK_PACKAGE_DOCUMENT_MAPPER_AND_EXTRACTION.md:Zone.Identifier,identifier,reference/originalplanning/ce_system_plans_enhanced/ce_system_plans_enhanced,,collision-engineers-design,,1
07_WORK_PACKAGE_OUTLOOK_AND_COMMUNICATIONS.md,md,reference/originalplanning/ce_system_plans_enhanced/ce_system_plans_enhanced,,collision-engineers-design,,0
07_WORK_PACKAGE_OUTLOOK_AND_COMMUNICATIONS.md:Zone.Identifier,identifier,reference/originalplanning/ce_system_plans_enhanced/ce_system_plans_enhanced,,collision-engineers-design,,1
08_WORK_PACKAGE_BOX_STORAGE_AND_FILES.md,md,reference/originalplanning/ce_system_plans_enhanced/ce_system_plans_enhanced,,collision-engineers-design,,0
08_WORK_PACKAGE_BOX_STORAGE_AND_FILES.md:Zone.Identifier,identifier,reference/originalplanning/ce_system_plans_enhanced/ce_system_plans_enhanced,,collision-engineers-design,,1
09_WORK_PACKAGE_DASHBOARD_REVIEW_AND_MATCHING.md,md,reference/originalplanning/ce_system_plans_enhanced/ce_system_plans_enhanced,,collision-engineers-design,,0
09_WORK_PACKAGE_DASHBOARD_REVIEW_AND_MATCHING.md:Zone.Identifier,identifier,reference/originalplanning/ce_system_plans_enhanced/ce_system_plans_enhanced,,collision-engineers-design,,1
10_WORK_PACKAGE_EVA_SENTRY_INTEGRATION.md,md,reference/originalplanning/ce_system_plans_enhanced/ce_system_plans_enhanced,,collision-engineers-design,,0
10_WORK_PACKAGE_EVA_SENTRY_INTEGRATION.md:Zone.Identifier,identifier,reference/originalplanning/ce_system_plans_enhanced/ce_system_plans_enhanced,,collision-engineers-design,,1
11_WORK_PACKAGE_ENGINEER_PACK_AND_REPORTING.md,md,reference/originalplanning/ce_system_plans_enhanced/ce_system_plans_enhanced,,collision-engineers-design,,0
11_WORK_PACKAGE_ENGINEER_PACK_AND_REPORTING.md:Zone.Identifier,identifier,reference/originalplanning/ce_system_plans_enhanced/ce_system_plans_enhanced,,collision-engineers-design,,1
12_WORK_PACKAGE_PROVIDER_SETTINGS_AND_MIGRATION.md,md,reference/originalplanning/ce_system_plans_enhanced/ce_system_plans_enhanced,,collision-engineers-design,,0
12_WORK_PACKAGE_PROVIDER_SETTINGS_AND_MIGRATION.md:Zone.Identifier,identifier,reference/originalplanning/ce_system_plans_enhanced/ce_system_plans_enhanced,,collision-engineers-design,,1
13_WORK_PACKAGE_SECURITY_TESTING_ROLLOUT.md,md,reference/originalplanning/ce_system_plans_enhanced/ce_system_plans_enhanced,,collision-engineers-design,,0
13_WORK_PACKAGE_SECURITY_TESTING_ROLLOUT.md:Zone.Identifier,identifier,reference/originalplanning/ce_system_plans_enhanced/ce_system_plans_enhanced,,collision-engineers-design,,1
00_README.md,md,reference/originalplanning/cedocumentmapper_rebuild_plan_pack_all_zips,,missing-skill:general-reference,,0
00_README.md:Zone.Identifier,identifier,reference/originalplanning/cedocumentmapper_rebuild_plan_pack_all_zips,,missing-skill:general-reference,,1
01_base_rebuild_pack.zip,zip,reference/originalplanning/cedocumentmapper_rebuild_plan_pack_all_zips,,missing-skill:general-reference,,0
01_base_rebuild_pack.zip:Zone.Identifier,identifier,reference/originalplanning/cedocumentmapper_rebuild_plan_pack_all_zips,,missing-skill:general-reference,,1
02_automation_enhancement_pack.zip,zip,reference/originalplanning/cedocumentmapper_rebuild_plan_pack_all_zips,,missing-skill:general-reference,,0
02_automation_enhancement_pack.zip:Zone.Identifier,identifier,reference/originalplanning/cedocumentmapper_rebuild_plan_pack_all_zips,,missing-skill:general-reference,,1
03_eva_api_enhancement_pack.zip,zip,reference/originalplanning/cedocumentmapper_rebuild_plan_pack_all_zips,,missing-skill:general-reference,,0
03_eva_api_enhancement_pack.zip:Zone.Identifier,identifier,reference/originalplanning/cedocumentmapper_rebuild_plan_pack_all_zips,,missing-skill:general-reference,,1
cedocumentmapper_rebuild_markdown_pack.zip,zip,reference/originalplanning/cedocumentmapper_rebuild_plan_pack_all_zips,,missing-skill:general-reference,,0
cedocumentmapper_rebuild_markdown_pack.zip:Zone.Identifier,identifier,reference/originalplanning/cedocumentmapper_rebuild_plan_pack_all_zips,,missing-skill:general-reference,,1
GENERATED_FILE_INDEX.md,md,reference/originalplanning/cedocumentmapper_rebuild_plan_pack_all_zips,,missing-skill:general-reference,,0
GENERATED_FILE_INDEX.md:Zone.Identifier,identifier,reference/originalplanning/cedocumentmapper_rebuild_plan_pack_all_zips,,missing-skill:general-reference,,1
00_PHASE_3_REVIEW_AND_ARCHITECTURE.md,md,reference/originalplanning/collision_engineers_ai_tools_plans_markdown,,collision-engineers-design,,0
00_PHASE_3_REVIEW_AND_ARCHITECTURE.md:Zone.Identifier,identifier,reference/originalplanning/collision_engineers_ai_tools_plans_markdown,,collision-engineers-design,,1
00_SOURCE_REVIEW_AND_ASSUMPTIONS.md,md,reference/originalplanning/collision_engineers_ai_tools_plans_markdown,,collision-engineers-design,,0
00_SOURCE_REVIEW_AND_ASSUMPTIONS.md:Zone.Identifier,identifier,reference/originalplanning/collision_engineers_ai_tools_plans_markdown,,collision-engineers-design,,1
01_eva_sentry_api_mcp.md,md,reference/originalplanning/collision_engineers_ai_tools_plans_markdown,,collision-engineers-design,,0
01_eva_sentry_api_mcp.md:Zone.Identifier,identifier,reference/originalplanning/collision_engineers_ai_tools_plans_markdown,,collision-engineers-design,,1
02_outlook_graph_intake_mcp.md,md,reference/originalplanning/collision_engineers_ai_tools_plans_markdown,,collision-engineers-design,,0
02_outlook_graph_intake_mcp.md:Zone.Identifier,identifier,reference/originalplanning/collision_engineers_ai_tools_plans_markdown,,collision-engineers-design,,1
03_box_storage_metadata_mcp.md,md,reference/originalplanning/collision_engineers_ai_tools_plans_markdown,,collision-engineers-design,,0
03_box_storage_metadata_mcp.md:Zone.Identifier,identifier,reference/originalplanning/collision_engineers_ai_tools_plans_markdown,,collision-engineers-design,,1
04_dvla_dvsa_vehicle_intelligence_mcp.md,md,reference/originalplanning/collision_engineers_ai_tools_plans_markdown,,collision-engineers-design,,0
04_dvla_dvsa_vehicle_intelligence_mcp.md:Zone.Identifier,identifier,reference/originalplanning/collision_engineers_ai_tools_plans_markdown,,collision-engineers-design,,1
05_autotrader_valuation_agent_skill.md,md,reference/originalplanning/collision_engineers_ai_tools_plans_markdown,,collision-engineers-design,,0
05_autotrader_valuation_agent_skill.md:Zone.Identifier,identifier,reference/originalplanning/collision_engineers_ai_tools_plans_markdown,,collision-engineers-design,,1
06_ce_document_mapper_extraction_service.md,md,reference/originalplanning/collision_engineers_ai_tools_plans_markdown,,collision-engineers-design,,0
06_ce_document_mapper_extraction_service.md:Zone.Identifier,identifier,reference/originalplanning/collision_engineers_ai_tools_plans_markdown,,collision-engineers-design,,1
07_document_classifier_and_router.md,md,reference/originalplanning/collision_engineers_ai_tools_plans_markdown,,collision-engineers-design,,0
07_document_classifier_and_router.md:Zone.Identifier,identifier,reference/originalplanning/collision_engineers_ai_tools_plans_markdown,,collision-engineers-design,,1
08_field_extraction_model_and_schema_mapper.md,md,reference/originalplanning/collision_engineers_ai_tools_plans_markdown,,collision-engineers-design,,0
08_field_extraction_model_and_schema_mapper.md:Zone.Identifier,identifier,reference/originalplanning/collision_engineers_ai_tools_plans_markdown,,collision-engineers-design,,1
09_ocr_and_cloud_document_intelligence_fallback.md,md,reference/originalplanning/collision_engineers_ai_tools_plans_markdown,,collision-engineers-design,,0
09_ocr_and_cloud_document_intelligence_fallback.md:Zone.Identifier,identifier,reference/originalplanning/collision_engineers_ai_tools_plans_markdown,,collision-engineers-design,,1
10_image_evidence_quality_and_schedule_checker.md,md,reference/originalplanning/collision_engineers_ai_tools_plans_markdown,,collision-engineers-design,,0
10_image_evidence_quality_and_schedule_checker.md:Zone.Identifier,identifier,reference/originalplanning/collision_engineers_ai_tools_plans_markdown,,collision-engineers-design,,1
11_visible_vrm_and_image_case_matcher.md,md,reference/originalplanning/collision_engineers_ai_tools_plans_markdown,,collision-engineers-design,,0
11_visible_vrm_and_image_case_matcher.md:Zone.Identifier,identifier,reference/originalplanning/collision_engineers_ai_tools_plans_markdown,,collision-engineers-design,,1
12_audatex_estimate_parser_and_qa_assistant.md,md,reference/originalplanning/collision_engineers_ai_tools_plans_markdown,,collision-engineers-design,,0
12_audatex_estimate_parser_and_qa_assistant.md:Zone.Identifier,identifier,reference/originalplanning/collision_engineers_ai_tools_plans_markdown,,collision-engineers-design,,1
13_abp_charge_review_assistant.md,md,reference/originalplanning/collision_engineers_ai_tools_plans_markdown,,collision-engineers-design,,0
13_abp_charge_review_assistant.md:Zone.Identifier,identifier,reference/originalplanning/collision_engineers_ai_tools_plans_markdown,,collision-engineers-design,,1
14_evidence_matcher_and_duplicate_detector.md,md,reference/originalplanning/collision_engineers_ai_tools_plans_markdown,,collision-engineers-design,,0
14_evidence_matcher_and_duplicate_detector.md:Zone.Identifier,identifier,reference/originalplanning/collision_engineers_ai_tools_plans_markdown,,collision-engineers-design,,1
15_missing_info_checker_and_chaser_drafter.md,md,reference/originalplanning/collision_engineers_ai_tools_plans_markdown,,collision-engineers-design,,0
15_missing_info_checker_and_chaser_drafter.md:Zone.Identifier,identifier,reference/originalplanning/collision_engineers_ai_tools_plans_markdown,,collision-engineers-design,,1
16_case_summary_status_skill.md,md,reference/originalplanning/collision_engineers_ai_tools_plans_markdown,,collision-engineers-design,,0
16_case_summary_status_skill.md:Zone.Identifier,identifier,reference/originalplanning/collision_engineers_ai_tools_plans_markdown,,collision-engineers-design,,1
17_engineer_pack_generator.md,md,reference/originalplanning/collision_engineers_ai_tools_plans_markdown,,collision-engineers-design,,0
17_engineer_pack_generator.md:Zone.Identifier,identifier,reference/originalplanning/collision_engineers_ai_tools_plans_markdown,,collision-engineers-design,,1
18_valuation_explanation_and_dispute_response_skill.md,md,reference/originalplanning/collision_engineers_ai_tools_plans_markdown,,collision-engineers-design,,0
18_valuation_explanation_and_dispute_response_skill.md:Zone.Identifier,identifier,reference/originalplanning/collision_engineers_ai_tools_plans_markdown,,collision-engineers-design,,1
19_ce_style_communications_skill.md,md,reference/originalplanning/collision_engineers_ai_tools_plans_markdown,,collision-engineers-design,,0
19_ce_style_communications_skill.md:Zone.Identifier,identifier,reference/originalplanning/collision_engineers_ai_tools_plans_markdown,,collision-engineers-design,,1
20_job_sheet_spreadsheet_bridge_mcp.md,md,reference/originalplanning/collision_engineers_ai_tools_plans_markdown,,collision-engineers-design,,0
20_job_sheet_spreadsheet_bridge_mcp.md:Zone.Identifier,identifier,reference/originalplanning/collision_engineers_ai_tools_plans_markdown,,collision-engineers-design,,1
21_review_queue_and_human_approval_tool.md,md,reference/originalplanning/collision_engineers_ai_tools_plans_markdown,,collision-engineers-design,,0
21_review_queue_and_human_approval_tool.md:Zone.Identifier,identifier,reference/originalplanning/collision_engineers_ai_tools_plans_markdown,,collision-engineers-design,,1
22_knowledge_base_report_clause_rag_skill.md,md,reference/originalplanning/collision_engineers_ai_tools_plans_markdown,,collision-engineers-design,,0
22_knowledge_base_report_clause_rag_skill.md:Zone.Identifier,identifier,reference/originalplanning/collision_engineers_ai_tools_plans_markdown,,collision-engineers-design,,1
23_whatsapp_teams_portal_front_door.md,md,reference/originalplanning/collision_engineers_ai_tools_plans_markdown,,collision-engineers-design,,0
23_whatsapp_teams_portal_front_door.md:Zone.Identifier,identifier,reference/originalplanning/collision_engineers_ai_tools_plans_markdown,,collision-engineers-design,,1
24_ai_literacy_training_and_policy_skill.md,md,reference/originalplanning/collision_engineers_ai_tools_plans_markdown,,collision-engineers-design,,0
24_ai_literacy_training_and_policy_skill.md:Zone.Identifier,identifier,reference/originalplanning/collision_engineers_ai_tools_plans_markdown,,collision-engineers-design,,1
25_model_evaluation_feedback_loop.md,md,reference/originalplanning/collision_engineers_ai_tools_plans_markdown,,collision-engineers-design,,0
25_model_evaluation_feedback_loop.md:Zone.Identifier,identifier,reference/originalplanning/collision_engineers_ai_tools_plans_markdown,,collision-engineers-design,,1
26_observability_runbook_dashboard_mcp.md,md,reference/originalplanning/collision_engineers_ai_tools_plans_markdown,,collision-engineers-design,,0
26_observability_runbook_dashboard_mcp.md:Zone.Identifier,identifier,reference/originalplanning/collision_engineers_ai_tools_plans_markdown,,collision-engineers-design,,1
27_pii_redaction_audit_governance_tool.md,md,reference/originalplanning/collision_engineers_ai_tools_plans_markdown,27PII,collision-engineers-design,,0
27_pii_redaction_audit_governance_tool.md:Zone.Identifier,identifier,reference/originalplanning/collision_engineers_ai_tools_plans_markdown,27PII,collision-engineers-design,,1
28_provider_mapping_assistant.md,md,reference/originalplanning/collision_engineers_ai_tools_plans_markdown,,collision-engineers-design,,0
28_provider_mapping_assistant.md:Zone.Identifier,identifier,reference/originalplanning/collision_engineers_ai_tools_plans_markdown,,collision-engineers-design,,1
29_tool_registry_and_mcp_security_gateway.md,md,reference/originalplanning/collision_engineers_ai_tools_plans_markdown,,collision-engineers-design,,0
29_tool_registry_and_mcp_security_gateway.md:Zone.Identifier,identifier,reference/originalplanning/collision_engineers_ai_tools_plans_markdown,,collision-engineers-design,,1
30_canonical_case_store.md,md,reference/originalplanning/collision_engineers_ai_tools_plans_markdown,,collision-engineers-design,,0
30_canonical_case_store.md:Zone.Identifier,identifier,reference/originalplanning/collision_engineers_ai_tools_plans_markdown,,collision-engineers-design,,1
31_invoice_fee_note_generation_tool.md,md,reference/originalplanning/collision_engineers_ai_tools_plans_markdown,,collision-engineers-design,,0
31_invoice_fee_note_generation_tool.md:Zone.Identifier,identifier,reference/originalplanning/collision_engineers_ai_tools_plans_markdown,,collision-engineers-design,,1
32_andie_damage_review_workbench.md,md,reference/originalplanning/collision_engineers_ai_tools_plans_markdown,,collision-engineers-design,,0
32_andie_damage_review_workbench.md:Zone.Identifier,identifier,reference/originalplanning/collision_engineers_ai_tools_plans_markdown,,collision-engineers-design,,1
README.md,md,reference/originalplanning/collision_engineers_ai_tools_plans_markdown,,collision-engineers-design,,0
README.md:Zone.Identifier,identifier,reference/originalplanning/collision_engineers_ai_tools_plans_markdown,,collision-engineers-design,,1
00_index.md,md,reference/originalplanning/collision_engineers_bulk_data_research_pack,,missing-skill:general-reference,,0
00_index.md:Zone.Identifier,identifier,reference/originalplanning/collision_engineers_bulk_data_research_pack,,missing-skill:general-reference,,1
01_research_sources_and_constraints.md,md,reference/originalplanning/collision_engineers_bulk_data_research_pack,,missing-skill:general-reference,,0
01_research_sources_and_constraints.md:Zone.Identifier,identifier,reference/originalplanning/collision_engineers_bulk_data_research_pack,,missing-skill:general-reference,,1
02_bulk_data_layer_architecture.md,md,reference/originalplanning/collision_engineers_bulk_data_research_pack,,missing-skill:general-reference,,0
02_bulk_data_layer_architecture.md:Zone.Identifier,identifier,reference/originalplanning/collision_engineers_bulk_data_research_pack,,missing-skill:general-reference,,1
03_mot_bulk_delta_ingestion.md,md,reference/originalplanning/collision_engineers_bulk_data_research_pack,,missing-skill:general-reference,,0
03_mot_bulk_delta_ingestion.md:Zone.Identifier,identifier,reference/originalplanning/collision_engineers_bulk_data_research_pack,,missing-skill:general-reference,,1
04_mileage_estimation_engine.md,md,reference/originalplanning/collision_engineers_bulk_data_research_pack,,missing-skill:general-reference,,0
04_mileage_estimation_engine.md:Zone.Identifier,identifier,reference/originalplanning/collision_engineers_bulk_data_research_pack,,missing-skill:general-reference,,1
05_mileage_anomaly_review.md,md,reference/originalplanning/collision_engineers_bulk_data_research_pack,,missing-skill:general-reference,,0
05_mileage_anomaly_review.md:Zone.Identifier,identifier,reference/originalplanning/collision_engineers_bulk_data_research_pack,,missing-skill:general-reference,,1
06_maintenance_condition_score.md,md,reference/originalplanning/collision_engineers_bulk_data_research_pack,,missing-skill:general-reference,,0
06_maintenance_condition_score.md:Zone.Identifier,identifier,reference/originalplanning/collision_engineers_bulk_data_research_pack,,missing-skill:general-reference,,1
07_mot_failure_pattern_repair_costs.md,md,reference/originalplanning/collision_engineers_bulk_data_research_pack,,missing-skill:general-reference,,0
07_mot_failure_pattern_repair_costs.md:Zone.Identifier,identifier,reference/originalplanning/collision_engineers_bulk_data_research_pack,,missing-skill:general-reference,,1
08_dvla_vrm_attribute_cache.md,md,reference/originalplanning/collision_engineers_bulk_data_research_pack,,missing-skill:general-reference,,0
08_dvla_vrm_attribute_cache.md:Zone.Identifier,identifier,reference/originalplanning/collision_engineers_bulk_data_research_pack,,missing-skill:general-reference,,1
09_vehicle_identity_normalisation_and_conflict_resolution.md,md,reference/originalplanning/collision_engineers_bulk_data_research_pack,,missing-skill:general-reference,,0
09_vehicle_identity_normalisation_and_conflict_resolution.md:Zone.Identifier,identifier,reference/originalplanning/collision_engineers_bulk_data_research_pack,,missing-skill:general-reference,,1
10_market_valuation_evidence_store.md,md,reference/originalplanning/collision_engineers_bulk_data_research_pack,,missing-skill:general-reference,,0
10_market_valuation_evidence_store.md:Zone.Identifier,identifier,reference/originalplanning/collision_engineers_bulk_data_research_pack,,missing-skill:general-reference,,1
11_salvage_benchmarking.md,md,reference/originalplanning/collision_engineers_bulk_data_research_pack,,missing-skill:general-reference,,0
11_salvage_benchmarking.md:Zone.Identifier,identifier,reference/originalplanning/collision_engineers_bulk_data_research_pack,,missing-skill:general-reference,,1
12_prior_total_loss_and_previous_claim_review.md,md,reference/originalplanning/collision_engineers_bulk_data_research_pack,,missing-skill:general-reference,,0
12_prior_total_loss_and_previous_claim_review.md:Zone.Identifier,identifier,reference/originalplanning/collision_engineers_bulk_data_research_pack,,missing-skill:general-reference,,1
13_duplicate_evidence_and_reused_image_review.md,md,reference/originalplanning/collision_engineers_bulk_data_research_pack,,missing-skill:general-reference,,0
13_duplicate_evidence_and_reused_image_review.md:Zone.Identifier,identifier,reference/originalplanning/collision_engineers_bulk_data_research_pack,,missing-skill:general-reference,,1
14_weather_context_enrichment.md,md,reference/originalplanning/collision_engineers_bulk_data_research_pack,,missing-skill:general-reference,,0
14_weather_context_enrichment.md:Zone.Identifier,identifier,reference/originalplanning/collision_engineers_bulk_data_research_pack,,missing-skill:general-reference,,1
15_road_safety_open_data_damage_context.md,md,reference/originalplanning/collision_engineers_bulk_data_research_pack,,missing-skill:general-reference,,0
15_road_safety_open_data_damage_context.md:Zone.Identifier,identifier,reference/originalplanning/collision_engineers_bulk_data_research_pack,,missing-skill:general-reference,,1
16_traffic_and_road_network_context.md,md,reference/originalplanning/collision_engineers_bulk_data_research_pack,,missing-skill:general-reference,,0
16_traffic_and_road_network_context.md:Zone.Identifier,identifier,reference/originalplanning/collision_engineers_bulk_data_research_pack,,missing-skill:general-reference,,1
17_eva_report_mining_and_sentry_bulk_sync.md,md,reference/originalplanning/collision_engineers_bulk_data_research_pack,17EVA,missing-skill:general-reference,,0
17_eva_report_mining_and_sentry_bulk_sync.md:Zone.Identifier,identifier,reference/originalplanning/collision_engineers_bulk_data_research_pack,17EVA,missing-skill:general-reference,,1
18_engineer_pack_data_enrichment.md,md,reference/originalplanning/collision_engineers_bulk_data_research_pack,,missing-skill:general-reference,,0
18_engineer_pack_data_enrichment.md:Zone.Identifier,identifier,reference/originalplanning/collision_engineers_bulk_data_research_pack,,missing-skill:general-reference,,1
19_document_mapper_learning_loop.md,md,reference/originalplanning/collision_engineers_bulk_data_research_pack,,missing-skill:general-reference,,0
19_document_mapper_learning_loop.md:Zone.Identifier,identifier,reference/originalplanning/collision_engineers_bulk_data_research_pack,,missing-skill:general-reference,,1
20_job_sheet_and_operations_analytics.md,md,reference/originalplanning/collision_engineers_bulk_data_research_pack,,missing-skill:general-reference,,0
20_job_sheet_and_operations_analytics.md:Zone.Identifier,identifier,reference/originalplanning/collision_engineers_bulk_data_research_pack,,missing-skill:general-reference,,1
21_client_principal_management_intelligence.md,md,reference/originalplanning/collision_engineers_bulk_data_research_pack,,missing-skill:general-reference,,0
21_client_principal_management_intelligence.md:Zone.Identifier,identifier,reference/originalplanning/collision_engineers_bulk_data_research_pack,,missing-skill:general-reference,,1
22_data_quality_confidence_and_explainability.md,md,reference/originalplanning/collision_engineers_bulk_data_research_pack,,missing-skill:general-reference,,0
22_data_quality_confidence_and_explainability.md:Zone.Identifier,identifier,reference/originalplanning/collision_engineers_bulk_data_research_pack,,missing-skill:general-reference,,1
23_governance_privacy_licensing_controls.md,md,reference/originalplanning/collision_engineers_bulk_data_research_pack,,missing-skill:general-reference,,0
23_governance_privacy_licensing_controls.md:Zone.Identifier,identifier,reference/originalplanning/collision_engineers_bulk_data_research_pack,,missing-skill:general-reference,,1
24_implementation_roadmap.md,md,reference/originalplanning/collision_engineers_bulk_data_research_pack,,missing-skill:general-reference,,0
24_implementation_roadmap.md:Zone.Identifier,identifier,reference/originalplanning/collision_engineers_bulk_data_research_pack,,missing-skill:general-reference,,1
25_bulk_data_schema_contracts.md,md,reference/originalplanning/collision_engineers_bulk_data_research_pack,,missing-skill:general-reference,,0
25_bulk_data_schema_contracts.md:Zone.Identifier,identifier,reference/originalplanning/collision_engineers_bulk_data_research_pack,,missing-skill:general-reference,,1
26_use_case_backlog_prioritisation.md,md,reference/originalplanning/collision_engineers_bulk_data_research_pack,,missing-skill:general-reference,,0
26_use_case_backlog_prioritisation.md:Zone.Identifier,identifier,reference/originalplanning/collision_engineers_bulk_data_research_pack,,missing-skill:general-reference,,1
phase_additional.md,md,reference/originalplanning/originalplans_output,,missing-skill:general-reference,,0
phase_additional.md:Zone.Identifier,identifier,reference/originalplanning/originalplans_output,,missing-skill:general-reference,,1
phase_ai_agents.md,md,reference/originalplanning/originalplans_output,,missing-skill:general-reference,,0
phase_ai_agents.md:Zone.Identifier,identifier,reference/originalplanning/originalplans_output,,missing-skill:general-reference,,1
phase_ai_tools.md,md,reference/originalplanning/originalplans_output,,missing-skill:general-reference,,0
phase_ai_tools.md:Zone.Identifier,identifier,reference/originalplanning/originalplans_output,,missing-skill:general-reference,,1
phase_bespoke_system.md,md,reference/originalplanning/originalplans_output,,missing-skill:general-reference,,0
phase_bespoke_system.md:Zone.Identifier,identifier,reference/originalplanning/originalplans_output,,missing-skill:general-reference,,1
phase_bulk_data.md,md,reference/originalplanning/originalplans_output,,missing-skill:general-reference,,0
phase_bulk_data.md:Zone.Identifier,identifier,reference/originalplanning/originalplans_output,,missing-skill:general-reference,,1
phase_initial_automation.md,md,reference/originalplanning/originalplans_output,,missing-skill:general-reference,,0
phase_initial_automation.md:Zone.Identifier,identifier,reference/originalplanning/originalplans_output,,missing-skill:general-reference,,1
phase_new_system.md,md,reference/originalplanning/originalplans_output,,missing-skill:general-reference,,0
phase_new_system.md:Zone.Identifier,identifier,reference/originalplanning/originalplans_output,,missing-skill:general-reference,,1
scratchpad_processes.md,md,reference/originalplanning/originalplans_output/scratchpads,,missing-skill:general-reference,,0
scratchpad_processes.md:Zone.Identifier,identifier,reference/originalplanning/originalplans_output/scratchpads,,missing-skill:general-reference,,1
scratchpad_providers.md,md,reference/originalplanning/originalplans_output/scratchpads,,missing-skill:general-reference,,0
scratchpad_providers.md:Zone.Identifier,identifier,reference/originalplanning/originalplans_output/scratchpads,,missing-skill:general-reference,,1
00_plan_review_and_crosscutting_recommendations.md,md,reference/originalplanning/phase7_expanded_markdown_plan/phase7_expanded_markdown_plan,,collision-engineers-design,,0
00_plan_review_and_crosscutting_recommendations.md:Zone.Identifier,identifier,reference/originalplanning/phase7_expanded_markdown_plan/phase7_expanded_markdown_plan,,collision-engineers-design,,1
01_source_context_reviewed.md,md,reference/originalplanning/phase7_expanded_markdown_plan/phase7_expanded_markdown_plan,,collision-engineers-design,,0
01_source_context_reviewed.md:Zone.Identifier,identifier,reference/originalplanning/phase7_expanded_markdown_plan/phase7_expanded_markdown_plan,,collision-engineers-design,,1
02_prioritised_roadmap.md,md,reference/originalplanning/phase7_expanded_markdown_plan/phase7_expanded_markdown_plan,,collision-engineers-design,,0
02_prioritised_roadmap.md:Zone.Identifier,identifier,reference/originalplanning/phase7_expanded_markdown_plan/phase7_expanded_markdown_plan,,collision-engineers-design,,1
03_dependency_map.md,md,reference/originalplanning/phase7_expanded_markdown_plan/phase7_expanded_markdown_plan,,collision-engineers-design,,0
03_dependency_map.md:Zone.Identifier,identifier,reference/originalplanning/phase7_expanded_markdown_plan/phase7_expanded_markdown_plan,,collision-engineers-design,,1
04_governance_guardrails.md,md,reference/originalplanning/phase7_expanded_markdown_plan/phase7_expanded_markdown_plan,,collision-engineers-design,,0
04_governance_guardrails.md:Zone.Identifier,identifier,reference/originalplanning/phase7_expanded_markdown_plan/phase7_expanded_markdown_plan,,collision-engineers-design,,1
08_01_work_item_state_store_and_job_sheet_replacement.md,md,reference/originalplanning/phase7_expanded_markdown_plan/phase7_expanded_markdown_plan/additional_items,,collision-engineers-design,,0
08_01_work_item_state_store_and_job_sheet_replacement.md:Zone.Identifier,identifier,reference/originalplanning/phase7_expanded_markdown_plan/phase7_expanded_markdown_plan/additional_items,,collision-engineers-design,,1
08_02_provider_principal_configuration_library.md,md,reference/originalplanning/phase7_expanded_markdown_plan/phase7_expanded_markdown_plan/additional_items,,collision-engineers-design,,0
08_02_provider_principal_configuration_library.md:Zone.Identifier,identifier,reference/originalplanning/phase7_expanded_markdown_plan/phase7_expanded_markdown_plan/additional_items,,collision-engineers-design,,1
08_03_ce_document_mapper_to_central_extraction_service.md,md,reference/originalplanning/phase7_expanded_markdown_plan/phase7_expanded_markdown_plan/additional_items,,collision-engineers-design,,0
08_03_ce_document_mapper_to_central_extraction_service.md:Zone.Identifier,identifier,reference/originalplanning/phase7_expanded_markdown_plan/phase7_expanded_markdown_plan/additional_items,,collision-engineers-design,,1
08_04_human_review_queue_and_exception_sla.md,md,reference/originalplanning/phase7_expanded_markdown_plan/phase7_expanded_markdown_plan/additional_items,,collision-engineers-design,,0
08_04_human_review_queue_and_exception_sla.md:Zone.Identifier,identifier,reference/originalplanning/phase7_expanded_markdown_plan/phase7_expanded_markdown_plan/additional_items,,collision-engineers-design,,1
08_05_eva_sentry_api_adapter_and_import_control.md,md,reference/originalplanning/phase7_expanded_markdown_plan/phase7_expanded_markdown_plan/additional_items,,collision-engineers-design,,0
08_05_eva_sentry_api_adapter_and_import_control.md:Zone.Identifier,identifier,reference/originalplanning/phase7_expanded_markdown_plan/phase7_expanded_markdown_plan/additional_items,,collision-engineers-design,,1
08_06_engineer_pack_generator_and_template_manager.md,md,reference/originalplanning/phase7_expanded_markdown_plan/phase7_expanded_markdown_plan/additional_items,,collision-engineers-design,,0
08_06_engineer_pack_generator_and_template_manager.md:Zone.Identifier,identifier,reference/originalplanning/phase7_expanded_markdown_plan/phase7_expanded_markdown_plan/additional_items,,collision-engineers-design,,1
08_07_image_quality_and_required_photo_coverage.md,md,reference/originalplanning/phase7_expanded_markdown_plan/phase7_expanded_markdown_plan/additional_items,,collision-engineers-design,,0
08_07_image_quality_and_required_photo_coverage.md:Zone.Identifier,identifier,reference/originalplanning/phase7_expanded_markdown_plan/phase7_expanded_markdown_plan/additional_items,,collision-engineers-design,,1
08_08_estimate_abp_review_pack.md,md,reference/originalplanning/phase7_expanded_markdown_plan/phase7_expanded_markdown_plan/additional_items,,collision-engineers-design,,0
08_08_estimate_abp_review_pack.md:Zone.Identifier,identifier,reference/originalplanning/phase7_expanded_markdown_plan/phase7_expanded_markdown_plan/additional_items,,collision-engineers-design,,1
08_09_communications_chaser_and_status_drafting.md,md,reference/originalplanning/phase7_expanded_markdown_plan/phase7_expanded_markdown_plan/additional_items,,collision-engineers-design,,0
08_09_communications_chaser_and_status_drafting.md:Zone.Identifier,identifier,reference/originalplanning/phase7_expanded_markdown_plan/phase7_expanded_markdown_plan/additional_items,,collision-engineers-design,,1
08_10_test_corpus_and_regression_harness.md,md,reference/originalplanning/phase7_expanded_markdown_plan/phase7_expanded_markdown_plan/additional_items,,collision-engineers-design,,0
08_10_test_corpus_and_regression_harness.md:Zone.Identifier,identifier,reference/originalplanning/phase7_expanded_markdown_plan/phase7_expanded_markdown_plan/additional_items,,collision-engineers-design,,1
08_11_monitoring_runbooks_and_release_management.md,md,reference/originalplanning/phase7_expanded_markdown_plan/phase7_expanded_markdown_plan/additional_items,,collision-engineers-design,,0
08_11_monitoring_runbooks_and_release_management.md:Zone.Identifier,identifier,reference/originalplanning/phase7_expanded_markdown_plan/phase7_expanded_markdown_plan/additional_items,,collision-engineers-design,,1
08_12_security_dpia_and_vendor_governance.md,md,reference/originalplanning/phase7_expanded_markdown_plan/phase7_expanded_markdown_plan/additional_items,,collision-engineers-design,,0
08_12_security_dpia_and_vendor_governance.md:Zone.Identifier,identifier,reference/originalplanning/phase7_expanded_markdown_plan/phase7_expanded_markdown_plan/additional_items,,collision-engineers-design,,1
08_13_knowledge_base_and_standard_clause_rag.md,md,reference/originalplanning/phase7_expanded_markdown_plan/phase7_expanded_markdown_plan/additional_items,,collision-engineers-design,,0
08_13_knowledge_base_and_standard_clause_rag.md:Zone.Identifier,identifier,reference/originalplanning/phase7_expanded_markdown_plan/phase7_expanded_markdown_plan/additional_items,,collision-engineers-design,,1
08_14_invoice_and_payment_workflow_automation.md,md,reference/originalplanning/phase7_expanded_markdown_plan/phase7_expanded_markdown_plan/additional_items,,collision-engineers-design,,0
08_14_invoice_and_payment_workflow_automation.md:Zone.Identifier,identifier,reference/originalplanning/phase7_expanded_markdown_plan/phase7_expanded_markdown_plan/additional_items,,collision-engineers-design,,1
08_15_duplicate_case_and_historical_search.md,md,reference/originalplanning/phase7_expanded_markdown_plan/phase7_expanded_markdown_plan/additional_items,,collision-engineers-design,,0
08_15_duplicate_case_and_historical_search.md:Zone.Identifier,identifier,reference/originalplanning/phase7_expanded_markdown_plan/phase7_expanded_markdown_plan/additional_items,,collision-engineers-design,,1
acceptance_criteria_matrix.md,md,reference/originalplanning/phase7_expanded_markdown_plan/phase7_expanded_markdown_plan/appendices,,collision-engineers-design,,0
acceptance_criteria_matrix.md:Zone.Identifier,identifier,reference/originalplanning/phase7_expanded_markdown_plan/phase7_expanded_markdown_plan/appendices,,collision-engineers-design,,1
backlog_matrix.md,md,reference/originalplanning/phase7_expanded_markdown_plan/phase7_expanded_markdown_plan/appendices,,collision-engineers-design,,0
backlog_matrix.md:Zone.Identifier,identifier,reference/originalplanning/phase7_expanded_markdown_plan/phase7_expanded_markdown_plan/appendices,,collision-engineers-design,,1
decision_log.md,md,reference/originalplanning/phase7_expanded_markdown_plan/phase7_expanded_markdown_plan/appendices,,collision-engineers-design,,0
decision_log.md:Zone.Identifier,identifier,reference/originalplanning/phase7_expanded_markdown_plan/phase7_expanded_markdown_plan/appendices,,collision-engineers-design,,1
implementation_sequence.md,md,reference/originalplanning/phase7_expanded_markdown_plan/phase7_expanded_markdown_plan/appendices,,collision-engineers-design,,0
implementation_sequence.md:Zone.Identifier,identifier,reference/originalplanning/phase7_expanded_markdown_plan/phase7_expanded_markdown_plan/appendices,,collision-engineers-design,,1
source_url_notes.md,md,reference/originalplanning/phase7_expanded_markdown_plan/phase7_expanded_markdown_plan/appendices,,collision-engineers-design,,0
source_url_notes.md:Zone.Identifier,identifier,reference/originalplanning/phase7_expanded_markdown_plan/phase7_expanded_markdown_plan/appendices,,collision-engineers-design,,1
07_01_integration_with_insurance_platforms.md,md,reference/originalplanning/phase7_expanded_markdown_plan/phase7_expanded_markdown_plan/original_items,,collision-engineers-design,,0
07_01_integration_with_insurance_platforms.md:Zone.Identifier,identifier,reference/originalplanning/phase7_expanded_markdown_plan/phase7_expanded_markdown_plan/original_items,,collision-engineers-design,,1
07_02_risk_indicators_and_review_scoring.md,md,reference/originalplanning/phase7_expanded_markdown_plan/phase7_expanded_markdown_plan/original_items,,collision-engineers-design,,0
07_02_risk_indicators_and_review_scoring.md:Zone.Identifier,identifier,reference/originalplanning/phase7_expanded_markdown_plan/phase7_expanded_markdown_plan/original_items,,collision-engineers-design,,1
07_03_audatex_and_estimating_system_partnerships.md,md,reference/originalplanning/phase7_expanded_markdown_plan/phase7_expanded_markdown_plan/original_items,,collision-engineers-design,,0
07_03_audatex_and_estimating_system_partnerships.md:Zone.Identifier,identifier,reference/originalplanning/phase7_expanded_markdown_plan/phase7_expanded_markdown_plan/original_items,,collision-engineers-design,,1
07_04_predictive_scheduling_for_engineers.md,md,reference/originalplanning/phase7_expanded_markdown_plan/phase7_expanded_markdown_plan/original_items,,collision-engineers-design,,0
07_04_predictive_scheduling_for_engineers.md:Zone.Identifier,identifier,reference/originalplanning/phase7_expanded_markdown_plan/phase7_expanded_markdown_plan/original_items,,collision-engineers-design,,1
07_05_customer_self_service_portal.md,md,reference/originalplanning/phase7_expanded_markdown_plan/phase7_expanded_markdown_plan/original_items,,collision-engineers-design,,0
07_05_customer_self_service_portal.md:Zone.Identifier,identifier,reference/originalplanning/phase7_expanded_markdown_plan/phase7_expanded_markdown_plan/original_items,,collision-engineers-design,,1
07_06_api_for_external_partners.md,md,reference/originalplanning/phase7_expanded_markdown_plan/phase7_expanded_markdown_plan/original_items,,collision-engineers-design,,0
07_06_api_for_external_partners.md:Zone.Identifier,identifier,reference/originalplanning/phase7_expanded_markdown_plan/phase7_expanded_markdown_plan/original_items,,collision-engineers-design,,1
07_07_advanced_analytics.md,md,reference/originalplanning/phase7_expanded_markdown_plan/phase7_expanded_markdown_plan/original_items,,collision-engineers-design,,0
07_07_advanced_analytics.md:Zone.Identifier,identifier,reference/originalplanning/phase7_expanded_markdown_plan/phase7_expanded_markdown_plan/original_items,,collision-engineers-design,,1
07_08_data_warehouse_and_archival.md,md,reference/originalplanning/phase7_expanded_markdown_plan/phase7_expanded_markdown_plan/original_items,,collision-engineers-design,,0
07_08_data_warehouse_and_archival.md:Zone.Identifier,identifier,reference/originalplanning/phase7_expanded_markdown_plan/phase7_expanded_markdown_plan/original_items,,collision-engineers-design,,1
07_09_continuous_improvement_programme.md,md,reference/originalplanning/phase7_expanded_markdown_plan/phase7_expanded_markdown_plan/original_items,,collision-engineers-design,,0
07_09_continuous_improvement_programme.md:Zone.Identifier,identifier,reference/originalplanning/phase7_expanded_markdown_plan/phase7_expanded_markdown_plan/original_items,,collision-engineers-design,,1
README.md,md,reference/originalplanning/phase7_expanded_markdown_plan/phase7_expanded_markdown_plan,,collision-engineers-design,,0
README.md:Zone.Identifier,identifier,reference/originalplanning/phase7_expanded_markdown_plan/phase7_expanded_markdown_plan,,collision-engineers-design,,1
phase_additional_original.md,md,reference/originalplanning/phase7_expanded_markdown_plan/phase7_expanded_markdown_plan/source_plan,,collision-engineers-design,,0
phase_additional_original.md:Zone.Identifier,identifier,reference/originalplanning/phase7_expanded_markdown_plan/phase7_expanded_markdown_plan/source_plan,,collision-engineers-design,,1
ASSESSOR-SUMMER-2025-FULL-MAGAZINE-v2.pdf,pdf,reference,,missing-skill:industry-journal-reference,reference,0
Canvas [2023-09-15 11□27□25].boxcanvas,boxcanvas,reference/data,,missing-skill:general-reference,reference/data,0
Canvas [2024-04-25 12□47□14].boxcanvas,boxcanvas,reference/data,,missing-skill:general-reference,reference/data,0
Canvas [2024-09-25 18□25□24].boxcanvas,boxcanvas,reference/data,,missing-skill:general-reference,reference/data,0
handoff.md,md,reference,BF16 FOT; KW18ZWE; SL66ZPP,missing-skill:internal-operations-handoff,reference,0
New Feature Request - VAT Calculator.docx,docx,reference/originalplanning/ce_system_plans_enhanced/ce_system_plans_enhanced,,vehicle-valuation,reference/originalplanning/ce_system_plans_enhanced/ce_system_plans_enhanced,0
Sentry API Documentation 1.1.pdf,pdf,reference/originalplanning/collision_engineers_ai_tools_plans_markdown,,missing-skill:sentry-api-integration,reference/originalplanning/collision_engineers_ai_tools_plans_markdown,0
Sentry API Documentation 1.2 Amended.pdf,pdf,reference/originalplanning/collision_engineers_ai_tools_plans_markdown,,missing-skill:sentry-api-integration,reference/originalplanning/collision_engineers_ai_tools_plans_markdown,0
Website Invoice Template.docx,docx,reference,AB12CDE,collision-engineers-design,reference,0
